# https://github.com/mikedh/trimesh
v -0.06000000 -0.06000000 0.00000000 0.43529412 0.65098039 0.59215686
v -0.06000000 -0.06000000 0.01000000 0.43529412 0.65098039 0.59215686
v -0.06000000 0.06000000 0.00000000 0.43529412 0.65098039 0.59215686
v -0.06000000 0.06000000 0.01000000 0.43529412 0.65098039 0.59215686
v 0.06000000 -0.06000000 0.00000000 0.43529412 0.65098039 0.59215686
v 0.06000000 -0.06000000 0.01000000 0.43529412 0.65098039 0.59215686
v 0.06000000 0.06000000 0.00000000 0.43529412 0.65098039 0.59215686
v 0.06000000 0.06000000 0.01000000 0.43529412 0.65098039 0.59215686
v -0.04000000 -0.04000000 0.01000000 0.43529412 0.65098039 0.59215686
v -0.03300000 -0.04000000 0.01000000 0.43529412 0.65098039 0.59215686
v -0.03300000 -0.04000000 0.01600000 0.43529412 0.65098039 0.59215686
v -0.04000000 -0.04000000 0.01600000 0.43529412 0.65098039 0.59215686
v -0.03334260 -0.03783688 0.01000000 0.43529412 0.65098039 0.59215686
v -0.03334260 -0.03783688 0.01600000 0.43529412 0.65098039 0.59215686
v -0.03433688 -0.03588550 0.01000000 0.43529412 0.65098039 0.59215686
v -0.03433688 -0.03588550 0.01600000 0.43529412 0.65098039 0.59215686
v -0.03588550 -0.03433688 0.01000000 0.43529412 0.65098039 0.59215686
v -0.03588550 -0.03433688 0.01600000 0.43529412 0.65098039 0.59215686
v -0.03783688 -0.03334260 0.01000000 0.43529412 0.65098039 0.59215686
v -0.03783688 -0.03334260 0.01600000 0.43529412 0.65098039 0.59215686
v -0.04000000 -0.03300000 0.01000000 0.43529412 0.65098039 0.59215686
v -0.04000000 -0.03300000 0.01600000 0.43529412 0.65098039 0.59215686
v -0.04216312 -0.03334260 0.01000000 0.43529412 0.65098039 0.59215686
v -0.04216312 -0.03334260 0.01600000 0.43529412 0.65098039 0.59215686
v -0.04411450 -0.03433688 0.01000000 0.43529412 0.65098039 0.59215686
v -0.04411450 -0.03433688 0.01600000 0.43529412 0.65098039 0.59215686
v -0.04566312 -0.03588550 0.01000000 0.43529412 0.65098039 0.59215686
v -0.04566312 -0.03588550 0.01600000 0.43529412 0.65098039 0.59215686
v -0.04665740 -0.03783688 0.01000000 0.43529412 0.65098039 0.59215686
v -0.04665740 -0.03783688 0.01600000 0.43529412 0.65098039 0.59215686
v -0.04700000 -0.04000000 0.01000000 0.43529412 0.65098039 0.59215686
v -0.04700000 -0.04000000 0.01600000 0.43529412 0.65098039 0.59215686
v -0.04665740 -0.04216312 0.01000000 0.43529412 0.65098039 0.59215686
v -0.04665740 -0.04216312 0.01600000 0.43529412 0.65098039 0.59215686
v -0.04566312 -0.04411450 0.01000000 0.43529412 0.65098039 0.59215686
v -0.04566312 -0.04411450 0.01600000 0.43529412 0.65098039 0.59215686
v -0.04411450 -0.04566312 0.01000000 0.43529412 0.65098039 0.59215686
v -0.04411450 -0.04566312 0.01600000 0.43529412 0.65098039 0.59215686
v -0.04216312 -0.04665740 0.01000000 0.43529412 0.65098039 0.59215686
v -0.04216312 -0.04665740 0.01600000 0.43529412 0.65098039 0.59215686
v -0.04000000 -0.04700000 0.01000000 0.43529412 0.65098039 0.59215686
v -0.04000000 -0.04700000 0.01600000 0.43529412 0.65098039 0.59215686
v -0.03783688 -0.04665740 0.01000000 0.43529412 0.65098039 0.59215686
v -0.03783688 -0.04665740 0.01600000 0.43529412 0.65098039 0.59215686
v -0.03588550 -0.04566312 0.01000000 0.43529412 0.65098039 0.59215686
v -0.03588550 -0.04566312 0.01600000 0.43529412 0.65098039 0.59215686
v -0.03433688 -0.04411450 0.01000000 0.43529412 0.65098039 0.59215686
v -0.03433688 -0.04411450 0.01600000 0.43529412 0.65098039 0.59215686
v -0.03334260 -0.04216312 0.01000000 0.43529412 0.65098039 0.59215686
v -0.03334260 -0.04216312 0.01600000 0.43529412 0.65098039 0.59215686
v -0.04000000 -0.02000000 0.01000000 0.43529412 0.65098039 0.59215686
v -0.03300000 -0.02000000 0.01000000 0.43529412 0.65098039 0.59215686
v -0.03300000 -0.02000000 0.01600000 0.43529412 0.65098039 0.59215686
v -0.04000000 -0.02000000 0.01600000 0.43529412 0.65098039 0.59215686
v -0.03334260 -0.01783688 0.01000000 0.43529412 0.65098039 0.59215686
v -0.03334260 -0.01783688 0.01600000 0.43529412 0.65098039 0.59215686
v -0.03433688 -0.01588550 0.01000000 0.43529412 0.65098039 0.59215686
v -0.03433688 -0.01588550 0.01600000 0.43529412 0.65098039 0.59215686
v -0.03588550 -0.01433688 0.01000000 0.43529412 0.65098039 0.59215686
v -0.03588550 -0.01433688 0.01600000 0.43529412 0.65098039 0.59215686
v -0.03783688 -0.01334260 0.01000000 0.43529412 0.65098039 0.59215686
v -0.03783688 -0.01334260 0.01600000 0.43529412 0.65098039 0.59215686
v -0.04000000 -0.01300000 0.01000000 0.43529412 0.65098039 0.59215686
v -0.04000000 -0.01300000 0.01600000 0.43529412 0.65098039 0.59215686
v -0.04216312 -0.01334260 0.01000000 0.43529412 0.65098039 0.59215686
v -0.04216312 -0.01334260 0.01600000 0.43529412 0.65098039 0.59215686
v -0.04411450 -0.01433688 0.01000000 0.43529412 0.65098039 0.59215686
v -0.04411450 -0.01433688 0.01600000 0.43529412 0.65098039 0.59215686
v -0.04566312 -0.01588550 0.01000000 0.43529412 0.65098039 0.59215686
v -0.04566312 -0.01588550 0.01600000 0.43529412 0.65098039 0.59215686
v -0.04665740 -0.01783688 0.01000000 0.43529412 0.65098039 0.59215686
v -0.04665740 -0.01783688 0.01600000 0.43529412 0.65098039 0.59215686
v -0.04700000 -0.02000000 0.01000000 0.43529412 0.65098039 0.59215686
v -0.04700000 -0.02000000 0.01600000 0.43529412 0.65098039 0.59215686
v -0.04665740 -0.02216312 0.01000000 0.43529412 0.65098039 0.59215686
v -0.04665740 -0.02216312 0.01600000 0.43529412 0.65098039 0.59215686
v -0.04566312 -0.02411450 0.01000000 0.43529412 0.65098039 0.59215686
v -0.04566312 -0.02411450 0.01600000 0.43529412 0.65098039 0.59215686
v -0.04411450 -0.02566312 0.01000000 0.43529412 0.65098039 0.59215686
v -0.04411450 -0.02566312 0.01600000 0.43529412 0.65098039 0.59215686
v -0.04216312 -0.02665740 0.01000000 0.43529412 0.65098039 0.59215686
v -0.04216312 -0.02665740 0.01600000 0.43529412 0.65098039 0.59215686
v -0.04000000 -0.02700000 0.01000000 0.43529412 0.65098039 0.59215686
v -0.04000000 -0.02700000 0.01600000 0.43529412 0.65098039 0.59215686
v -0.03783688 -0.02665740 0.01000000 0.43529412 0.65098039 0.59215686
v -0.03783688 -0.02665740 0.01600000 0.43529412 0.65098039 0.59215686
v -0.03588550 -0.02566312 0.01000000 0.43529412 0.65098039 0.59215686
v -0.03588550 -0.02566312 0.01600000 0.43529412 0.65098039 0.59215686
v -0.03433688 -0.02411450 0.01000000 0.43529412 0.65098039 0.59215686
v -0.03433688 -0.02411450 0.01600000 0.43529412 0.65098039 0.59215686
v -0.03334260 -0.02216312 0.01000000 0.43529412 0.65098039 0.59215686
v -0.03334260 -0.02216312 0.01600000 0.43529412 0.65098039 0.59215686
v -0.04000000 0.00000000 0.01000000 0.43529412 0.65098039 0.59215686
v -0.03300000 0.00000000 0.01000000 0.43529412 0.65098039 0.59215686
v -0.03300000 0.00000000 0.01600000 0.43529412 0.65098039 0.59215686
v -0.04000000 0.00000000 0.01600000 0.43529412 0.65098039 0.59215686
v -0.03334260 0.00216312 0.01000000 0.43529412 0.65098039 0.59215686
v -0.03334260 0.00216312 0.01600000 0.43529412 0.65098039 0.59215686
v -0.03433688 0.00411450 0.01000000 0.43529412 0.65098039 0.59215686
v -0.03433688 0.00411450 0.01600000 0.43529412 0.65098039 0.59215686
v -0.03588550 0.00566312 0.01000000 0.43529412 0.65098039 0.59215686
v -0.03588550 0.00566312 0.01600000 0.43529412 0.65098039 0.59215686
v -0.03783688 0.00665740 0.01000000 0.43529412 0.65098039 0.59215686
v -0.03783688 0.00665740 0.01600000 0.43529412 0.65098039 0.59215686
v -0.04000000 0.00700000 0.01000000 0.43529412 0.65098039 0.59215686
v -0.04000000 0.00700000 0.01600000 0.43529412 0.65098039 0.59215686
v -0.04216312 0.00665740 0.01000000 0.43529412 0.65098039 0.59215686
v -0.04216312 0.00665740 0.01600000 0.43529412 0.65098039 0.59215686
v -0.04411450 0.00566312 0.01000000 0.43529412 0.65098039 0.59215686
v -0.04411450 0.00566312 0.01600000 0.43529412 0.65098039 0.59215686
v -0.04566312 0.00411450 0.01000000 0.43529412 0.65098039 0.59215686
v -0.04566312 0.00411450 0.01600000 0.43529412 0.65098039 0.59215686
v -0.04665740 0.00216312 0.01000000 0.43529412 0.65098039 0.59215686
v -0.04665740 0.00216312 0.01600000 0.43529412 0.65098039 0.59215686
v -0.04700000 0.00000000 0.01000000 0.43529412 0.65098039 0.59215686
v -0.04700000 0.00000000 0.01600000 0.43529412 0.65098039 0.59215686
v -0.04665740 -0.00216312 0.01000000 0.43529412 0.65098039 0.59215686
v -0.04665740 -0.00216312 0.01600000 0.43529412 0.65098039 0.59215686
v -0.04566312 -0.00411450 0.01000000 0.43529412 0.65098039 0.59215686
v -0.04566312 -0.00411450 0.01600000 0.43529412 0.65098039 0.59215686
v -0.04411450 -0.00566312 0.01000000 0.43529412 0.65098039 0.59215686
v -0.04411450 -0.00566312 0.01600000 0.43529412 0.65098039 0.59215686
v -0.04216312 -0.00665740 0.01000000 0.43529412 0.65098039 0.59215686
v -0.04216312 -0.00665740 0.01600000 0.43529412 0.65098039 0.59215686
v -0.04000000 -0.00700000 0.01000000 0.43529412 0.65098039 0.59215686
v -0.04000000 -0.00700000 0.01600000 0.43529412 0.65098039 0.59215686
v -0.03783688 -0.00665740 0.01000000 0.43529412 0.65098039 0.59215686
v -0.03783688 -0.00665740 0.01600000 0.43529412 0.65098039 0.59215686
v -0.03588550 -0.00566312 0.01000000 0.43529412 0.65098039 0.59215686
v -0.03588550 -0.00566312 0.01600000 0.43529412 0.65098039 0.59215686
v -0.03433688 -0.00411450 0.01000000 0.43529412 0.65098039 0.59215686
v -0.03433688 -0.00411450 0.01600000 0.43529412 0.65098039 0.59215686
v -0.03334260 -0.00216312 0.01000000 0.43529412 0.65098039 0.59215686
v -0.03334260 -0.00216312 0.01600000 0.43529412 0.65098039 0.59215686
v -0.04000000 0.02000000 0.01000000 0.43529412 0.65098039 0.59215686
v -0.03300000 0.02000000 0.01000000 0.43529412 0.65098039 0.59215686
v -0.03300000 0.02000000 0.01600000 0.43529412 0.65098039 0.59215686
v -0.04000000 0.02000000 0.01600000 0.43529412 0.65098039 0.59215686
v -0.03334260 0.02216312 0.01000000 0.43529412 0.65098039 0.59215686
v -0.03334260 0.02216312 0.01600000 0.43529412 0.65098039 0.59215686
v -0.03433688 0.02411450 0.01000000 0.43529412 0.65098039 0.59215686
v -0.03433688 0.02411450 0.01600000 0.43529412 0.65098039 0.59215686
v -0.03588550 0.02566312 0.01000000 0.43529412 0.65098039 0.59215686
v -0.03588550 0.02566312 0.01600000 0.43529412 0.65098039 0.59215686
v -0.03783688 0.02665740 0.01000000 0.43529412 0.65098039 0.59215686
v -0.03783688 0.02665740 0.01600000 0.43529412 0.65098039 0.59215686
v -0.04000000 0.02700000 0.01000000 0.43529412 0.65098039 0.59215686
v -0.04000000 0.02700000 0.01600000 0.43529412 0.65098039 0.59215686
v -0.04216312 0.02665740 0.01000000 0.43529412 0.65098039 0.59215686
v -0.04216312 0.02665740 0.01600000 0.43529412 0.65098039 0.59215686
v -0.04411450 0.02566312 0.01000000 0.43529412 0.65098039 0.59215686
v -0.04411450 0.02566312 0.01600000 0.43529412 0.65098039 0.59215686
v -0.04566312 0.02411450 0.01000000 0.43529412 0.65098039 0.59215686
v -0.04566312 0.02411450 0.01600000 0.43529412 0.65098039 0.59215686
v -0.04665740 0.02216312 0.01000000 0.43529412 0.65098039 0.59215686
v -0.04665740 0.02216312 0.01600000 0.43529412 0.65098039 0.59215686
v -0.04700000 0.02000000 0.01000000 0.43529412 0.65098039 0.59215686
v -0.04700000 0.02000000 0.01600000 0.43529412 0.65098039 0.59215686
v -0.04665740 0.01783688 0.01000000 0.43529412 0.65098039 0.59215686
v -0.04665740 0.01783688 0.01600000 0.43529412 0.65098039 0.59215686
v -0.04566312 0.01588550 0.01000000 0.43529412 0.65098039 0.59215686
v -0.04566312 0.01588550 0.01600000 0.43529412 0.65098039 0.59215686
v -0.04411450 0.01433688 0.01000000 0.43529412 0.65098039 0.59215686
v -0.04411450 0.01433688 0.01600000 0.43529412 0.65098039 0.59215686
v -0.04216312 0.01334260 0.01000000 0.43529412 0.65098039 0.59215686
v -0.04216312 0.01334260 0.01600000 0.43529412 0.65098039 0.59215686
v -0.04000000 0.01300000 0.01000000 0.43529412 0.65098039 0.59215686
v -0.04000000 0.01300000 0.01600000 0.43529412 0.65098039 0.59215686
v -0.03783688 0.01334260 0.01000000 0.43529412 0.65098039 0.59215686
v -0.03783688 0.01334260 0.01600000 0.43529412 0.65098039 0.59215686
v -0.03588550 0.01433688 0.01000000 0.43529412 0.65098039 0.59215686
v -0.03588550 0.01433688 0.01600000 0.43529412 0.65098039 0.59215686
v -0.03433688 0.01588550 0.01000000 0.43529412 0.65098039 0.59215686
v -0.03433688 0.01588550 0.01600000 0.43529412 0.65098039 0.59215686
v -0.03334260 0.01783688 0.01000000 0.43529412 0.65098039 0.59215686
v -0.03334260 0.01783688 0.01600000 0.43529412 0.65098039 0.59215686
v -0.04000000 0.04000000 0.01000000 0.43529412 0.65098039 0.59215686
v -0.03300000 0.04000000 0.01000000 0.43529412 0.65098039 0.59215686
v -0.03300000 0.04000000 0.01600000 0.43529412 0.65098039 0.59215686
v -0.04000000 0.04000000 0.01600000 0.43529412 0.65098039 0.59215686
v -0.03334260 0.04216312 0.01000000 0.43529412 0.65098039 0.59215686
v -0.03334260 0.04216312 0.01600000 0.43529412 0.65098039 0.59215686
v -0.03433688 0.04411450 0.01000000 0.43529412 0.65098039 0.59215686
v -0.03433688 0.04411450 0.01600000 0.43529412 0.65098039 0.59215686
v -0.03588550 0.04566312 0.01000000 0.43529412 0.65098039 0.59215686
v -0.03588550 0.04566312 0.01600000 0.43529412 0.65098039 0.59215686
v -0.03783688 0.04665740 0.01000000 0.43529412 0.65098039 0.59215686
v -0.03783688 0.04665740 0.01600000 0.43529412 0.65098039 0.59215686
v -0.04000000 0.04700000 0.01000000 0.43529412 0.65098039 0.59215686
v -0.04000000 0.04700000 0.01600000 0.43529412 0.65098039 0.59215686
v -0.04216312 0.04665740 0.01000000 0.43529412 0.65098039 0.59215686
v -0.04216312 0.04665740 0.01600000 0.43529412 0.65098039 0.59215686
v -0.04411450 0.04566312 0.01000000 0.43529412 0.65098039 0.59215686
v -0.04411450 0.04566312 0.01600000 0.43529412 0.65098039 0.59215686
v -0.04566312 0.04411450 0.01000000 0.43529412 0.65098039 0.59215686
v -0.04566312 0.04411450 0.01600000 0.43529412 0.65098039 0.59215686
v -0.04665740 0.04216312 0.01000000 0.43529412 0.65098039 0.59215686
v -0.04665740 0.04216312 0.01600000 0.43529412 0.65098039 0.59215686
v -0.04700000 0.04000000 0.01000000 0.43529412 0.65098039 0.59215686
v -0.04700000 0.04000000 0.01600000 0.43529412 0.65098039 0.59215686
v -0.04665740 0.03783688 0.01000000 0.43529412 0.65098039 0.59215686
v -0.04665740 0.03783688 0.01600000 0.43529412 0.65098039 0.59215686
v -0.04566312 0.03588550 0.01000000 0.43529412 0.65098039 0.59215686
v -0.04566312 0.03588550 0.01600000 0.43529412 0.65098039 0.59215686
v -0.04411450 0.03433688 0.01000000 0.43529412 0.65098039 0.59215686
v -0.04411450 0.03433688 0.01600000 0.43529412 0.65098039 0.59215686
v -0.04216312 0.03334260 0.01000000 0.43529412 0.65098039 0.59215686
v -0.04216312 0.03334260 0.01600000 0.43529412 0.65098039 0.59215686
v -0.04000000 0.03300000 0.01000000 0.43529412 0.65098039 0.59215686
v -0.04000000 0.03300000 0.01600000 0.43529412 0.65098039 0.59215686
v -0.03783688 0.03334260 0.01000000 0.43529412 0.65098039 0.59215686
v -0.03783688 0.03334260 0.01600000 0.43529412 0.65098039 0.59215686
v -0.03588550 0.03433688 0.01000000 0.43529412 0.65098039 0.59215686
v -0.03588550 0.03433688 0.01600000 0.43529412 0.65098039 0.59215686
v -0.03433688 0.03588550 0.01000000 0.43529412 0.65098039 0.59215686
v -0.03433688 0.03588550 0.01600000 0.43529412 0.65098039 0.59215686
v -0.03334260 0.03783688 0.01000000 0.43529412 0.65098039 0.59215686
v -0.03334260 0.03783688 0.01600000 0.43529412 0.65098039 0.59215686
v -0.02000000 -0.04000000 0.01000000 0.43529412 0.65098039 0.59215686
v -0.01300000 -0.04000000 0.01000000 0.43529412 0.65098039 0.59215686
v -0.01300000 -0.04000000 0.01600000 0.43529412 0.65098039 0.59215686
v -0.02000000 -0.04000000 0.01600000 0.43529412 0.65098039 0.59215686
v -0.01334260 -0.03783688 0.01000000 0.43529412 0.65098039 0.59215686
v -0.01334260 -0.03783688 0.01600000 0.43529412 0.65098039 0.59215686
v -0.01433688 -0.03588550 0.01000000 0.43529412 0.65098039 0.59215686
v -0.01433688 -0.03588550 0.01600000 0.43529412 0.65098039 0.59215686
v -0.01588550 -0.03433688 0.01000000 0.43529412 0.65098039 0.59215686
v -0.01588550 -0.03433688 0.01600000 0.43529412 0.65098039 0.59215686
v -0.01783688 -0.03334260 0.01000000 0.43529412 0.65098039 0.59215686
v -0.01783688 -0.03334260 0.01600000 0.43529412 0.65098039 0.59215686
v -0.02000000 -0.03300000 0.01000000 0.43529412 0.65098039 0.59215686
v -0.02000000 -0.03300000 0.01600000 0.43529412 0.65098039 0.59215686
v -0.02216312 -0.03334260 0.01000000 0.43529412 0.65098039 0.59215686
v -0.02216312 -0.03334260 0.01600000 0.43529412 0.65098039 0.59215686
v -0.02411450 -0.03433688 0.01000000 0.43529412 0.65098039 0.59215686
v -0.02411450 -0.03433688 0.01600000 0.43529412 0.65098039 0.59215686
v -0.02566312 -0.03588550 0.01000000 0.43529412 0.65098039 0.59215686
v -0.02566312 -0.03588550 0.01600000 0.43529412 0.65098039 0.59215686
v -0.02665740 -0.03783688 0.01000000 0.43529412 0.65098039 0.59215686
v -0.02665740 -0.03783688 0.01600000 0.43529412 0.65098039 0.59215686
v -0.02700000 -0.04000000 0.01000000 0.43529412 0.65098039 0.59215686
v -0.02700000 -0.04000000 0.01600000 0.43529412 0.65098039 0.59215686
v -0.02665740 -0.04216312 0.01000000 0.43529412 0.65098039 0.59215686
v -0.02665740 -0.04216312 0.01600000 0.43529412 0.65098039 0.59215686
v -0.02566312 -0.04411450 0.01000000 0.43529412 0.65098039 0.59215686
v -0.02566312 -0.04411450 0.01600000 0.43529412 0.65098039 0.59215686
v -0.02411450 -0.04566312 0.01000000 0.43529412 0.65098039 0.59215686
v -0.02411450 -0.04566312 0.01600000 0.43529412 0.65098039 0.59215686
v -0.02216312 -0.04665740 0.01000000 0.43529412 0.65098039 0.59215686
v -0.02216312 -0.04665740 0.01600000 0.43529412 0.65098039 0.59215686
v -0.02000000 -0.04700000 0.01000000 0.43529412 0.65098039 0.59215686
v -0.02000000 -0.04700000 0.01600000 0.43529412 0.65098039 0.59215686
v -0.01783688 -0.04665740 0.01000000 0.43529412 0.65098039 0.59215686
v -0.01783688 -0.04665740 0.01600000 0.43529412 0.65098039 0.59215686
v -0.01588550 -0.04566312 0.01000000 0.43529412 0.65098039 0.59215686
v -0.01588550 -0.04566312 0.01600000 0.43529412 0.65098039 0.59215686
v -0.01433688 -0.04411450 0.01000000 0.43529412 0.65098039 0.59215686
v -0.01433688 -0.04411450 0.01600000 0.43529412 0.65098039 0.59215686
v -0.01334260 -0.04216312 0.01000000 0.43529412 0.65098039 0.59215686
v -0.01334260 -0.04216312 0.01600000 0.43529412 0.65098039 0.59215686
v -0.02000000 -0.02000000 0.01000000 0.43529412 0.65098039 0.59215686
v -0.01300000 -0.02000000 0.01000000 0.43529412 0.65098039 0.59215686
v -0.01300000 -0.02000000 0.01600000 0.43529412 0.65098039 0.59215686
v -0.02000000 -0.02000000 0.01600000 0.43529412 0.65098039 0.59215686
v -0.01334260 -0.01783688 0.01000000 0.43529412 0.65098039 0.59215686
v -0.01334260 -0.01783688 0.01600000 0.43529412 0.65098039 0.59215686
v -0.01433688 -0.01588550 0.01000000 0.43529412 0.65098039 0.59215686
v -0.01433688 -0.01588550 0.01600000 0.43529412 0.65098039 0.59215686
v -0.01588550 -0.01433688 0.01000000 0.43529412 0.65098039 0.59215686
v -0.01588550 -0.01433688 0.01600000 0.43529412 0.65098039 0.59215686
v -0.01783688 -0.01334260 0.01000000 0.43529412 0.65098039 0.59215686
v -0.01783688 -0.01334260 0.01600000 0.43529412 0.65098039 0.59215686
v -0.02000000 -0.01300000 0.01000000 0.43529412 0.65098039 0.59215686
v -0.02000000 -0.01300000 0.01600000 0.43529412 0.65098039 0.59215686
v -0.02216312 -0.01334260 0.01000000 0.43529412 0.65098039 0.59215686
v -0.02216312 -0.01334260 0.01600000 0.43529412 0.65098039 0.59215686
v -0.02411450 -0.01433688 0.01000000 0.43529412 0.65098039 0.59215686
v -0.02411450 -0.01433688 0.01600000 0.43529412 0.65098039 0.59215686
v -0.02566312 -0.01588550 0.01000000 0.43529412 0.65098039 0.59215686
v -0.02566312 -0.01588550 0.01600000 0.43529412 0.65098039 0.59215686
v -0.02665740 -0.01783688 0.01000000 0.43529412 0.65098039 0.59215686
v -0.02665740 -0.01783688 0.01600000 0.43529412 0.65098039 0.59215686
v -0.02700000 -0.02000000 0.01000000 0.43529412 0.65098039 0.59215686
v -0.02700000 -0.02000000 0.01600000 0.43529412 0.65098039 0.59215686
v -0.02665740 -0.02216312 0.01000000 0.43529412 0.65098039 0.59215686
v -0.02665740 -0.02216312 0.01600000 0.43529412 0.65098039 0.59215686
v -0.02566312 -0.02411450 0.01000000 0.43529412 0.65098039 0.59215686
v -0.02566312 -0.02411450 0.01600000 0.43529412 0.65098039 0.59215686
v -0.02411450 -0.02566312 0.01000000 0.43529412 0.65098039 0.59215686
v -0.02411450 -0.02566312 0.01600000 0.43529412 0.65098039 0.59215686
v -0.02216312 -0.02665740 0.01000000 0.43529412 0.65098039 0.59215686
v -0.02216312 -0.02665740 0.01600000 0.43529412 0.65098039 0.59215686
v -0.02000000 -0.02700000 0.01000000 0.43529412 0.65098039 0.59215686
v -0.02000000 -0.02700000 0.01600000 0.43529412 0.65098039 0.59215686
v -0.01783688 -0.02665740 0.01000000 0.43529412 0.65098039 0.59215686
v -0.01783688 -0.02665740 0.01600000 0.43529412 0.65098039 0.59215686
v -0.01588550 -0.02566312 0.01000000 0.43529412 0.65098039 0.59215686
v -0.01588550 -0.02566312 0.01600000 0.43529412 0.65098039 0.59215686
v -0.01433688 -0.02411450 0.01000000 0.43529412 0.65098039 0.59215686
v -0.01433688 -0.02411450 0.01600000 0.43529412 0.65098039 0.59215686
v -0.01334260 -0.02216312 0.01000000 0.43529412 0.65098039 0.59215686
v -0.01334260 -0.02216312 0.01600000 0.43529412 0.65098039 0.59215686
v -0.02000000 0.00000000 0.01000000 0.43529412 0.65098039 0.59215686
v -0.01300000 0.00000000 0.01000000 0.43529412 0.65098039 0.59215686
v -0.01300000 0.00000000 0.01600000 0.43529412 0.65098039 0.59215686
v -0.02000000 0.00000000 0.01600000 0.43529412 0.65098039 0.59215686
v -0.01334260 0.00216312 0.01000000 0.43529412 0.65098039 0.59215686
v -0.01334260 0.00216312 0.01600000 0.43529412 0.65098039 0.59215686
v -0.01433688 0.00411450 0.01000000 0.43529412 0.65098039 0.59215686
v -0.01433688 0.00411450 0.01600000 0.43529412 0.65098039 0.59215686
v -0.01588550 0.00566312 0.01000000 0.43529412 0.65098039 0.59215686
v -0.01588550 0.00566312 0.01600000 0.43529412 0.65098039 0.59215686
v -0.01783688 0.00665740 0.01000000 0.43529412 0.65098039 0.59215686
v -0.01783688 0.00665740 0.01600000 0.43529412 0.65098039 0.59215686
v -0.02000000 0.00700000 0.01000000 0.43529412 0.65098039 0.59215686
v -0.02000000 0.00700000 0.01600000 0.43529412 0.65098039 0.59215686
v -0.02216312 0.00665740 0.01000000 0.43529412 0.65098039 0.59215686
v -0.02216312 0.00665740 0.01600000 0.43529412 0.65098039 0.59215686
v -0.02411450 0.00566312 0.01000000 0.43529412 0.65098039 0.59215686
v -0.02411450 0.00566312 0.01600000 0.43529412 0.65098039 0.59215686
v -0.02566312 0.00411450 0.01000000 0.43529412 0.65098039 0.59215686
v -0.02566312 0.00411450 0.01600000 0.43529412 0.65098039 0.59215686
v -0.02665740 0.00216312 0.01000000 0.43529412 0.65098039 0.59215686
v -0.02665740 0.00216312 0.01600000 0.43529412 0.65098039 0.59215686
v -0.02700000 0.00000000 0.01000000 0.43529412 0.65098039 0.59215686
v -0.02700000 0.00000000 0.01600000 0.43529412 0.65098039 0.59215686
v -0.02665740 -0.00216312 0.01000000 0.43529412 0.65098039 0.59215686
v -0.02665740 -0.00216312 0.01600000 0.43529412 0.65098039 0.59215686
v -0.02566312 -0.00411450 0.01000000 0.43529412 0.65098039 0.59215686
v -0.02566312 -0.00411450 0.01600000 0.43529412 0.65098039 0.59215686
v -0.02411450 -0.00566312 0.01000000 0.43529412 0.65098039 0.59215686
v -0.02411450 -0.00566312 0.01600000 0.43529412 0.65098039 0.59215686
v -0.02216312 -0.00665740 0.01000000 0.43529412 0.65098039 0.59215686
v -0.02216312 -0.00665740 0.01600000 0.43529412 0.65098039 0.59215686
v -0.02000000 -0.00700000 0.01000000 0.43529412 0.65098039 0.59215686
v -0.02000000 -0.00700000 0.01600000 0.43529412 0.65098039 0.59215686
v -0.01783688 -0.00665740 0.01000000 0.43529412 0.65098039 0.59215686
v -0.01783688 -0.00665740 0.01600000 0.43529412 0.65098039 0.59215686
v -0.01588550 -0.00566312 0.01000000 0.43529412 0.65098039 0.59215686
v -0.01588550 -0.00566312 0.01600000 0.43529412 0.65098039 0.59215686
v -0.01433688 -0.00411450 0.01000000 0.43529412 0.65098039 0.59215686
v -0.01433688 -0.00411450 0.01600000 0.43529412 0.65098039 0.59215686
v -0.01334260 -0.00216312 0.01000000 0.43529412 0.65098039 0.59215686
v -0.01334260 -0.00216312 0.01600000 0.43529412 0.65098039 0.59215686
v -0.02000000 0.02000000 0.01000000 0.43529412 0.65098039 0.59215686
v -0.01300000 0.02000000 0.01000000 0.43529412 0.65098039 0.59215686
v -0.01300000 0.02000000 0.01600000 0.43529412 0.65098039 0.59215686
v -0.02000000 0.02000000 0.01600000 0.43529412 0.65098039 0.59215686
v -0.01334260 0.02216312 0.01000000 0.43529412 0.65098039 0.59215686
v -0.01334260 0.02216312 0.01600000 0.43529412 0.65098039 0.59215686
v -0.01433688 0.02411450 0.01000000 0.43529412 0.65098039 0.59215686
v -0.01433688 0.02411450 0.01600000 0.43529412 0.65098039 0.59215686
v -0.01588550 0.02566312 0.01000000 0.43529412 0.65098039 0.59215686
v -0.01588550 0.02566312 0.01600000 0.43529412 0.65098039 0.59215686
v -0.01783688 0.02665740 0.01000000 0.43529412 0.65098039 0.59215686
v -0.01783688 0.02665740 0.01600000 0.43529412 0.65098039 0.59215686
v -0.02000000 0.02700000 0.01000000 0.43529412 0.65098039 0.59215686
v -0.02000000 0.02700000 0.01600000 0.43529412 0.65098039 0.59215686
v -0.02216312 0.02665740 0.01000000 0.43529412 0.65098039 0.59215686
v -0.02216312 0.02665740 0.01600000 0.43529412 0.65098039 0.59215686
v -0.02411450 0.02566312 0.01000000 0.43529412 0.65098039 0.59215686
v -0.02411450 0.02566312 0.01600000 0.43529412 0.65098039 0.59215686
v -0.02566312 0.02411450 0.01000000 0.43529412 0.65098039 0.59215686
v -0.02566312 0.02411450 0.01600000 0.43529412 0.65098039 0.59215686
v -0.02665740 0.02216312 0.01000000 0.43529412 0.65098039 0.59215686
v -0.02665740 0.02216312 0.01600000 0.43529412 0.65098039 0.59215686
v -0.02700000 0.02000000 0.01000000 0.43529412 0.65098039 0.59215686
v -0.02700000 0.02000000 0.01600000 0.43529412 0.65098039 0.59215686
v -0.02665740 0.01783688 0.01000000 0.43529412 0.65098039 0.59215686
v -0.02665740 0.01783688 0.01600000 0.43529412 0.65098039 0.59215686
v -0.02566312 0.01588550 0.01000000 0.43529412 0.65098039 0.59215686
v -0.02566312 0.01588550 0.01600000 0.43529412 0.65098039 0.59215686
v -0.02411450 0.01433688 0.01000000 0.43529412 0.65098039 0.59215686
v -0.02411450 0.01433688 0.01600000 0.43529412 0.65098039 0.59215686
v -0.02216312 0.01334260 0.01000000 0.43529412 0.65098039 0.59215686
v -0.02216312 0.01334260 0.01600000 0.43529412 0.65098039 0.59215686
v -0.02000000 0.01300000 0.01000000 0.43529412 0.65098039 0.59215686
v -0.02000000 0.01300000 0.01600000 0.43529412 0.65098039 0.59215686
v -0.01783688 0.01334260 0.01000000 0.43529412 0.65098039 0.59215686
v -0.01783688 0.01334260 0.01600000 0.43529412 0.65098039 0.59215686
v -0.01588550 0.01433688 0.01000000 0.43529412 0.65098039 0.59215686
v -0.01588550 0.01433688 0.01600000 0.43529412 0.65098039 0.59215686
v -0.01433688 0.01588550 0.01000000 0.43529412 0.65098039 0.59215686
v -0.01433688 0.01588550 0.01600000 0.43529412 0.65098039 0.59215686
v -0.01334260 0.01783688 0.01000000 0.43529412 0.65098039 0.59215686
v -0.01334260 0.01783688 0.01600000 0.43529412 0.65098039 0.59215686
v -0.02000000 0.04000000 0.01000000 0.43529412 0.65098039 0.59215686
v -0.01300000 0.04000000 0.01000000 0.43529412 0.65098039 0.59215686
v -0.01300000 0.04000000 0.01600000 0.43529412 0.65098039 0.59215686
v -0.02000000 0.04000000 0.01600000 0.43529412 0.65098039 0.59215686
v -0.01334260 0.04216312 0.01000000 0.43529412 0.65098039 0.59215686
v -0.01334260 0.04216312 0.01600000 0.43529412 0.65098039 0.59215686
v -0.01433688 0.04411450 0.01000000 0.43529412 0.65098039 0.59215686
v -0.01433688 0.04411450 0.01600000 0.43529412 0.65098039 0.59215686
v -0.01588550 0.04566312 0.01000000 0.43529412 0.65098039 0.59215686
v -0.01588550 0.04566312 0.01600000 0.43529412 0.65098039 0.59215686
v -0.01783688 0.04665740 0.01000000 0.43529412 0.65098039 0.59215686
v -0.01783688 0.04665740 0.01600000 0.43529412 0.65098039 0.59215686
v -0.02000000 0.04700000 0.01000000 0.43529412 0.65098039 0.59215686
v -0.02000000 0.04700000 0.01600000 0.43529412 0.65098039 0.59215686
v -0.02216312 0.04665740 0.01000000 0.43529412 0.65098039 0.59215686
v -0.02216312 0.04665740 0.01600000 0.43529412 0.65098039 0.59215686
v -0.02411450 0.04566312 0.01000000 0.43529412 0.65098039 0.59215686
v -0.02411450 0.04566312 0.01600000 0.43529412 0.65098039 0.59215686
v -0.02566312 0.04411450 0.01000000 0.43529412 0.65098039 0.59215686
v -0.02566312 0.04411450 0.01600000 0.43529412 0.65098039 0.59215686
v -0.02665740 0.04216312 0.01000000 0.43529412 0.65098039 0.59215686
v -0.02665740 0.04216312 0.01600000 0.43529412 0.65098039 0.59215686
v -0.02700000 0.04000000 0.01000000 0.43529412 0.65098039 0.59215686
v -0.02700000 0.04000000 0.01600000 0.43529412 0.65098039 0.59215686
v -0.02665740 0.03783688 0.01000000 0.43529412 0.65098039 0.59215686
v -0.02665740 0.03783688 0.01600000 0.43529412 0.65098039 0.59215686
v -0.02566312 0.03588550 0.01000000 0.43529412 0.65098039 0.59215686
v -0.02566312 0.03588550 0.01600000 0.43529412 0.65098039 0.59215686
v -0.02411450 0.03433688 0.01000000 0.43529412 0.65098039 0.59215686
v -0.02411450 0.03433688 0.01600000 0.43529412 0.65098039 0.59215686
v -0.02216312 0.03334260 0.01000000 0.43529412 0.65098039 0.59215686
v -0.02216312 0.03334260 0.01600000 0.43529412 0.65098039 0.59215686
v -0.02000000 0.03300000 0.01000000 0.43529412 0.65098039 0.59215686
v -0.02000000 0.03300000 0.01600000 0.43529412 0.65098039 0.59215686
v -0.01783688 0.03334260 0.01000000 0.43529412 0.65098039 0.59215686
v -0.01783688 0.03334260 0.01600000 0.43529412 0.65098039 0.59215686
v -0.01588550 0.03433688 0.01000000 0.43529412 0.65098039 0.59215686
v -0.01588550 0.03433688 0.01600000 0.43529412 0.65098039 0.59215686
v -0.01433688 0.03588550 0.01000000 0.43529412 0.65098039 0.59215686
v -0.01433688 0.03588550 0.01600000 0.43529412 0.65098039 0.59215686
v -0.01334260 0.03783688 0.01000000 0.43529412 0.65098039 0.59215686
v -0.01334260 0.03783688 0.01600000 0.43529412 0.65098039 0.59215686
v 0.00000000 -0.04000000 0.01000000 0.43529412 0.65098039 0.59215686
v 0.00700000 -0.04000000 0.01000000 0.43529412 0.65098039 0.59215686
v 0.00700000 -0.04000000 0.01600000 0.43529412 0.65098039 0.59215686
v 0.00000000 -0.04000000 0.01600000 0.43529412 0.65098039 0.59215686
v 0.00665740 -0.03783688 0.01000000 0.43529412 0.65098039 0.59215686
v 0.00665740 -0.03783688 0.01600000 0.43529412 0.65098039 0.59215686
v 0.00566312 -0.03588550 0.01000000 0.43529412 0.65098039 0.59215686
v 0.00566312 -0.03588550 0.01600000 0.43529412 0.65098039 0.59215686
v 0.00411450 -0.03433688 0.01000000 0.43529412 0.65098039 0.59215686
v 0.00411450 -0.03433688 0.01600000 0.43529412 0.65098039 0.59215686
v 0.00216312 -0.03334260 0.01000000 0.43529412 0.65098039 0.59215686
v 0.00216312 -0.03334260 0.01600000 0.43529412 0.65098039 0.59215686
v 0.00000000 -0.03300000 0.01000000 0.43529412 0.65098039 0.59215686
v 0.00000000 -0.03300000 0.01600000 0.43529412 0.65098039 0.59215686
v -0.00216312 -0.03334260 0.01000000 0.43529412 0.65098039 0.59215686
v -0.00216312 -0.03334260 0.01600000 0.43529412 0.65098039 0.59215686
v -0.00411450 -0.03433688 0.01000000 0.43529412 0.65098039 0.59215686
v -0.00411450 -0.03433688 0.01600000 0.43529412 0.65098039 0.59215686
v -0.00566312 -0.03588550 0.01000000 0.43529412 0.65098039 0.59215686
v -0.00566312 -0.03588550 0.01600000 0.43529412 0.65098039 0.59215686
v -0.00665740 -0.03783688 0.01000000 0.43529412 0.65098039 0.59215686
v -0.00665740 -0.03783688 0.01600000 0.43529412 0.65098039 0.59215686
v -0.00700000 -0.04000000 0.01000000 0.43529412 0.65098039 0.59215686
v -0.00700000 -0.04000000 0.01600000 0.43529412 0.65098039 0.59215686
v -0.00665740 -0.04216312 0.01000000 0.43529412 0.65098039 0.59215686
v -0.00665740 -0.04216312 0.01600000 0.43529412 0.65098039 0.59215686
v -0.00566312 -0.04411450 0.01000000 0.43529412 0.65098039 0.59215686
v -0.00566312 -0.04411450 0.01600000 0.43529412 0.65098039 0.59215686
v -0.00411450 -0.04566312 0.01000000 0.43529412 0.65098039 0.59215686
v -0.00411450 -0.04566312 0.01600000 0.43529412 0.65098039 0.59215686
v -0.00216312 -0.04665740 0.01000000 0.43529412 0.65098039 0.59215686
v -0.00216312 -0.04665740 0.01600000 0.43529412 0.65098039 0.59215686
v -0.00000000 -0.04700000 0.01000000 0.43529412 0.65098039 0.59215686
v -0.00000000 -0.04700000 0.01600000 0.43529412 0.65098039 0.59215686
v 0.00216312 -0.04665740 0.01000000 0.43529412 0.65098039 0.59215686
v 0.00216312 -0.04665740 0.01600000 0.43529412 0.65098039 0.59215686
v 0.00411450 -0.04566312 0.01000000 0.43529412 0.65098039 0.59215686
v 0.00411450 -0.04566312 0.01600000 0.43529412 0.65098039 0.59215686
v 0.00566312 -0.04411450 0.01000000 0.43529412 0.65098039 0.59215686
v 0.00566312 -0.04411450 0.01600000 0.43529412 0.65098039 0.59215686
v 0.00665740 -0.04216312 0.01000000 0.43529412 0.65098039 0.59215686
v 0.00665740 -0.04216312 0.01600000 0.43529412 0.65098039 0.59215686
v 0.00000000 -0.02000000 0.01000000 0.43529412 0.65098039 0.59215686
v 0.00700000 -0.02000000 0.01000000 0.43529412 0.65098039 0.59215686
v 0.00700000 -0.02000000 0.01600000 0.43529412 0.65098039 0.59215686
v 0.00000000 -0.02000000 0.01600000 0.43529412 0.65098039 0.59215686
v 0.00665740 -0.01783688 0.01000000 0.43529412 0.65098039 0.59215686
v 0.00665740 -0.01783688 0.01600000 0.43529412 0.65098039 0.59215686
v 0.00566312 -0.01588550 0.01000000 0.43529412 0.65098039 0.59215686
v 0.00566312 -0.01588550 0.01600000 0.43529412 0.65098039 0.59215686
v 0.00411450 -0.01433688 0.01000000 0.43529412 0.65098039 0.59215686
v 0.00411450 -0.01433688 0.01600000 0.43529412 0.65098039 0.59215686
v 0.00216312 -0.01334260 0.01000000 0.43529412 0.65098039 0.59215686
v 0.00216312 -0.01334260 0.01600000 0.43529412 0.65098039 0.59215686
v 0.00000000 -0.01300000 0.01000000 0.43529412 0.65098039 0.59215686
v 0.00000000 -0.01300000 0.01600000 0.43529412 0.65098039 0.59215686
v -0.00216312 -0.01334260 0.01000000 0.43529412 0.65098039 0.59215686
v -0.00216312 -0.01334260 0.01600000 0.43529412 0.65098039 0.59215686
v -0.00411450 -0.01433688 0.01000000 0.43529412 0.65098039 0.59215686
v -0.00411450 -0.01433688 0.01600000 0.43529412 0.65098039 0.59215686
v -0.00566312 -0.01588550 0.01000000 0.43529412 0.65098039 0.59215686
v -0.00566312 -0.01588550 0.01600000 0.43529412 0.65098039 0.59215686
v -0.00665740 -0.01783688 0.01000000 0.43529412 0.65098039 0.59215686
v -0.00665740 -0.01783688 0.01600000 0.43529412 0.65098039 0.59215686
v -0.00700000 -0.02000000 0.01000000 0.43529412 0.65098039 0.59215686
v -0.00700000 -0.02000000 0.01600000 0.43529412 0.65098039 0.59215686
v -0.00665740 -0.02216312 0.01000000 0.43529412 0.65098039 0.59215686
v -0.00665740 -0.02216312 0.01600000 0.43529412 0.65098039 0.59215686
v -0.00566312 -0.02411450 0.01000000 0.43529412 0.65098039 0.59215686
v -0.00566312 -0.02411450 0.01600000 0.43529412 0.65098039 0.59215686
v -0.00411450 -0.02566312 0.01000000 0.43529412 0.65098039 0.59215686
v -0.00411450 -0.02566312 0.01600000 0.43529412 0.65098039 0.59215686
v -0.00216312 -0.02665740 0.01000000 0.43529412 0.65098039 0.59215686
v -0.00216312 -0.02665740 0.01600000 0.43529412 0.65098039 0.59215686
v -0.00000000 -0.02700000 0.01000000 0.43529412 0.65098039 0.59215686
v -0.00000000 -0.02700000 0.01600000 0.43529412 0.65098039 0.59215686
v 0.00216312 -0.02665740 0.01000000 0.43529412 0.65098039 0.59215686
v 0.00216312 -0.02665740 0.01600000 0.43529412 0.65098039 0.59215686
v 0.00411450 -0.02566312 0.01000000 0.43529412 0.65098039 0.59215686
v 0.00411450 -0.02566312 0.01600000 0.43529412 0.65098039 0.59215686
v 0.00566312 -0.02411450 0.01000000 0.43529412 0.65098039 0.59215686
v 0.00566312 -0.02411450 0.01600000 0.43529412 0.65098039 0.59215686
v 0.00665740 -0.02216312 0.01000000 0.43529412 0.65098039 0.59215686
v 0.00665740 -0.02216312 0.01600000 0.43529412 0.65098039 0.59215686
v 0.00000000 0.00000000 0.01000000 0.43529412 0.65098039 0.59215686
v 0.00700000 0.00000000 0.01000000 0.43529412 0.65098039 0.59215686
v 0.00700000 0.00000000 0.01600000 0.43529412 0.65098039 0.59215686
v 0.00000000 0.00000000 0.01600000 0.43529412 0.65098039 0.59215686
v 0.00665740 0.00216312 0.01000000 0.43529412 0.65098039 0.59215686
v 0.00665740 0.00216312 0.01600000 0.43529412 0.65098039 0.59215686
v 0.00566312 0.00411450 0.01000000 0.43529412 0.65098039 0.59215686
v 0.00566312 0.00411450 0.01600000 0.43529412 0.65098039 0.59215686
v 0.00411450 0.00566312 0.01000000 0.43529412 0.65098039 0.59215686
v 0.00411450 0.00566312 0.01600000 0.43529412 0.65098039 0.59215686
v 0.00216312 0.00665740 0.01000000 0.43529412 0.65098039 0.59215686
v 0.00216312 0.00665740 0.01600000 0.43529412 0.65098039 0.59215686
v 0.00000000 0.00700000 0.01000000 0.43529412 0.65098039 0.59215686
v 0.00000000 0.00700000 0.01600000 0.43529412 0.65098039 0.59215686
v -0.00216312 0.00665740 0.01000000 0.43529412 0.65098039 0.59215686
v -0.00216312 0.00665740 0.01600000 0.43529412 0.65098039 0.59215686
v -0.00411450 0.00566312 0.01000000 0.43529412 0.65098039 0.59215686
v -0.00411450 0.00566312 0.01600000 0.43529412 0.65098039 0.59215686
v -0.00566312 0.00411450 0.01000000 0.43529412 0.65098039 0.59215686
v -0.00566312 0.00411450 0.01600000 0.43529412 0.65098039 0.59215686
v -0.00665740 0.00216312 0.01000000 0.43529412 0.65098039 0.59215686
v -0.00665740 0.00216312 0.01600000 0.43529412 0.65098039 0.59215686
v -0.00700000 0.00000000 0.01000000 0.43529412 0.65098039 0.59215686
v -0.00700000 0.00000000 0.01600000 0.43529412 0.65098039 0.59215686
v -0.00665740 -0.00216312 0.01000000 0.43529412 0.65098039 0.59215686
v -0.00665740 -0.00216312 0.01600000 0.43529412 0.65098039 0.59215686
v -0.00566312 -0.00411450 0.01000000 0.43529412 0.65098039 0.59215686
v -0.00566312 -0.00411450 0.01600000 0.43529412 0.65098039 0.59215686
v -0.00411450 -0.00566312 0.01000000 0.43529412 0.65098039 0.59215686
v -0.00411450 -0.00566312 0.01600000 0.43529412 0.65098039 0.59215686
v -0.00216312 -0.00665740 0.01000000 0.43529412 0.65098039 0.59215686
v -0.00216312 -0.00665740 0.01600000 0.43529412 0.65098039 0.59215686
v -0.00000000 -0.00700000 0.01000000 0.43529412 0.65098039 0.59215686
v -0.00000000 -0.00700000 0.01600000 0.43529412 0.65098039 0.59215686
v 0.00216312 -0.00665740 0.01000000 0.43529412 0.65098039 0.59215686
v 0.00216312 -0.00665740 0.01600000 0.43529412 0.65098039 0.59215686
v 0.00411450 -0.00566312 0.01000000 0.43529412 0.65098039 0.59215686
v 0.00411450 -0.00566312 0.01600000 0.43529412 0.65098039 0.59215686
v 0.00566312 -0.00411450 0.01000000 0.43529412 0.65098039 0.59215686
v 0.00566312 -0.00411450 0.01600000 0.43529412 0.65098039 0.59215686
v 0.00665740 -0.00216312 0.01000000 0.43529412 0.65098039 0.59215686
v 0.00665740 -0.00216312 0.01600000 0.43529412 0.65098039 0.59215686
v 0.00000000 0.02000000 0.01000000 0.43529412 0.65098039 0.59215686
v 0.00700000 0.02000000 0.01000000 0.43529412 0.65098039 0.59215686
v 0.00700000 0.02000000 0.01600000 0.43529412 0.65098039 0.59215686
v 0.00000000 0.02000000 0.01600000 0.43529412 0.65098039 0.59215686
v 0.00665740 0.02216312 0.01000000 0.43529412 0.65098039 0.59215686
v 0.00665740 0.02216312 0.01600000 0.43529412 0.65098039 0.59215686
v 0.00566312 0.02411450 0.01000000 0.43529412 0.65098039 0.59215686
v 0.00566312 0.02411450 0.01600000 0.43529412 0.65098039 0.59215686
v 0.00411450 0.02566312 0.01000000 0.43529412 0.65098039 0.59215686
v 0.00411450 0.02566312 0.01600000 0.43529412 0.65098039 0.59215686
v 0.00216312 0.02665740 0.01000000 0.43529412 0.65098039 0.59215686
v 0.00216312 0.02665740 0.01600000 0.43529412 0.65098039 0.59215686
v 0.00000000 0.02700000 0.01000000 0.43529412 0.65098039 0.59215686
v 0.00000000 0.02700000 0.01600000 0.43529412 0.65098039 0.59215686
v -0.00216312 0.02665740 0.01000000 0.43529412 0.65098039 0.59215686
v -0.00216312 0.02665740 0.01600000 0.43529412 0.65098039 0.59215686
v -0.00411450 0.02566312 0.01000000 0.43529412 0.65098039 0.59215686
v -0.00411450 0.02566312 0.01600000 0.43529412 0.65098039 0.59215686
v -0.00566312 0.02411450 0.01000000 0.43529412 0.65098039 0.59215686
v -0.00566312 0.02411450 0.01600000 0.43529412 0.65098039 0.59215686
v -0.00665740 0.02216312 0.01000000 0.43529412 0.65098039 0.59215686
v -0.00665740 0.02216312 0.01600000 0.43529412 0.65098039 0.59215686
v -0.00700000 0.02000000 0.01000000 0.43529412 0.65098039 0.59215686
v -0.00700000 0.02000000 0.01600000 0.43529412 0.65098039 0.59215686
v -0.00665740 0.01783688 0.01000000 0.43529412 0.65098039 0.59215686
v -0.00665740 0.01783688 0.01600000 0.43529412 0.65098039 0.59215686
v -0.00566312 0.01588550 0.01000000 0.43529412 0.65098039 0.59215686
v -0.00566312 0.01588550 0.01600000 0.43529412 0.65098039 0.59215686
v -0.00411450 0.01433688 0.01000000 0.43529412 0.65098039 0.59215686
v -0.00411450 0.01433688 0.01600000 0.43529412 0.65098039 0.59215686
v -0.00216312 0.01334260 0.01000000 0.43529412 0.65098039 0.59215686
v -0.00216312 0.01334260 0.01600000 0.43529412 0.65098039 0.59215686
v -0.00000000 0.01300000 0.01000000 0.43529412 0.65098039 0.59215686
v -0.00000000 0.01300000 0.01600000 0.43529412 0.65098039 0.59215686
v 0.00216312 0.01334260 0.01000000 0.43529412 0.65098039 0.59215686
v 0.00216312 0.01334260 0.01600000 0.43529412 0.65098039 0.59215686
v 0.00411450 0.01433688 0.01000000 0.43529412 0.65098039 0.59215686
v 0.00411450 0.01433688 0.01600000 0.43529412 0.65098039 0.59215686
v 0.00566312 0.01588550 0.01000000 0.43529412 0.65098039 0.59215686
v 0.00566312 0.01588550 0.01600000 0.43529412 0.65098039 0.59215686
v 0.00665740 0.01783688 0.01000000 0.43529412 0.65098039 0.59215686
v 0.00665740 0.01783688 0.01600000 0.43529412 0.65098039 0.59215686
v 0.00000000 0.04000000 0.01000000 0.43529412 0.65098039 0.59215686
v 0.00700000 0.04000000 0.01000000 0.43529412 0.65098039 0.59215686
v 0.00700000 0.04000000 0.01600000 0.43529412 0.65098039 0.59215686
v 0.00000000 0.04000000 0.01600000 0.43529412 0.65098039 0.59215686
v 0.00665740 0.04216312 0.01000000 0.43529412 0.65098039 0.59215686
v 0.00665740 0.04216312 0.01600000 0.43529412 0.65098039 0.59215686
v 0.00566312 0.04411450 0.01000000 0.43529412 0.65098039 0.59215686
v 0.00566312 0.04411450 0.01600000 0.43529412 0.65098039 0.59215686
v 0.00411450 0.04566312 0.01000000 0.43529412 0.65098039 0.59215686
v 0.00411450 0.04566312 0.01600000 0.43529412 0.65098039 0.59215686
v 0.00216312 0.04665740 0.01000000 0.43529412 0.65098039 0.59215686
v 0.00216312 0.04665740 0.01600000 0.43529412 0.65098039 0.59215686
v 0.00000000 0.04700000 0.01000000 0.43529412 0.65098039 0.59215686
v 0.00000000 0.04700000 0.01600000 0.43529412 0.65098039 0.59215686
v -0.00216312 0.04665740 0.01000000 0.43529412 0.65098039 0.59215686
v -0.00216312 0.04665740 0.01600000 0.43529412 0.65098039 0.59215686
v -0.00411450 0.04566312 0.01000000 0.43529412 0.65098039 0.59215686
v -0.00411450 0.04566312 0.01600000 0.43529412 0.65098039 0.59215686
v -0.00566312 0.04411450 0.01000000 0.43529412 0.65098039 0.59215686
v -0.00566312 0.04411450 0.01600000 0.43529412 0.65098039 0.59215686
v -0.00665740 0.04216312 0.01000000 0.43529412 0.65098039 0.59215686
v -0.00665740 0.04216312 0.01600000 0.43529412 0.65098039 0.59215686
v -0.00700000 0.04000000 0.01000000 0.43529412 0.65098039 0.59215686
v -0.00700000 0.04000000 0.01600000 0.43529412 0.65098039 0.59215686
v -0.00665740 0.03783688 0.01000000 0.43529412 0.65098039 0.59215686
v -0.00665740 0.03783688 0.01600000 0.43529412 0.65098039 0.59215686
v -0.00566312 0.03588550 0.01000000 0.43529412 0.65098039 0.59215686
v -0.00566312 0.03588550 0.01600000 0.43529412 0.65098039 0.59215686
v -0.00411450 0.03433688 0.01000000 0.43529412 0.65098039 0.59215686
v -0.00411450 0.03433688 0.01600000 0.43529412 0.65098039 0.59215686
v -0.00216312 0.03334260 0.01000000 0.43529412 0.65098039 0.59215686
v -0.00216312 0.03334260 0.01600000 0.43529412 0.65098039 0.59215686
v -0.00000000 0.03300000 0.01000000 0.43529412 0.65098039 0.59215686
v -0.00000000 0.03300000 0.01600000 0.43529412 0.65098039 0.59215686
v 0.00216312 0.03334260 0.01000000 0.43529412 0.65098039 0.59215686
v 0.00216312 0.03334260 0.01600000 0.43529412 0.65098039 0.59215686
v 0.00411450 0.03433688 0.01000000 0.43529412 0.65098039 0.59215686
v 0.00411450 0.03433688 0.01600000 0.43529412 0.65098039 0.59215686
v 0.00566312 0.03588550 0.01000000 0.43529412 0.65098039 0.59215686
v 0.00566312 0.03588550 0.01600000 0.43529412 0.65098039 0.59215686
v 0.00665740 0.03783688 0.01000000 0.43529412 0.65098039 0.59215686
v 0.00665740 0.03783688 0.01600000 0.43529412 0.65098039 0.59215686
v 0.02000000 -0.04000000 0.01000000 0.43529412 0.65098039 0.59215686
v 0.02700000 -0.04000000 0.01000000 0.43529412 0.65098039 0.59215686
v 0.02700000 -0.04000000 0.01600000 0.43529412 0.65098039 0.59215686
v 0.02000000 -0.04000000 0.01600000 0.43529412 0.65098039 0.59215686
v 0.02665740 -0.03783688 0.01000000 0.43529412 0.65098039 0.59215686
v 0.02665740 -0.03783688 0.01600000 0.43529412 0.65098039 0.59215686
v 0.02566312 -0.03588550 0.01000000 0.43529412 0.65098039 0.59215686
v 0.02566312 -0.03588550 0.01600000 0.43529412 0.65098039 0.59215686
v 0.02411450 -0.03433688 0.01000000 0.43529412 0.65098039 0.59215686
v 0.02411450 -0.03433688 0.01600000 0.43529412 0.65098039 0.59215686
v 0.02216312 -0.03334260 0.01000000 0.43529412 0.65098039 0.59215686
v 0.02216312 -0.03334260 0.01600000 0.43529412 0.65098039 0.59215686
v 0.02000000 -0.03300000 0.01000000 0.43529412 0.65098039 0.59215686
v 0.02000000 -0.03300000 0.01600000 0.43529412 0.65098039 0.59215686
v 0.01783688 -0.03334260 0.01000000 0.43529412 0.65098039 0.59215686
v 0.01783688 -0.03334260 0.01600000 0.43529412 0.65098039 0.59215686
v 0.01588550 -0.03433688 0.01000000 0.43529412 0.65098039 0.59215686
v 0.01588550 -0.03433688 0.01600000 0.43529412 0.65098039 0.59215686
v 0.01433688 -0.03588550 0.01000000 0.43529412 0.65098039 0.59215686
v 0.01433688 -0.03588550 0.01600000 0.43529412 0.65098039 0.59215686
v 0.01334260 -0.03783688 0.01000000 0.43529412 0.65098039 0.59215686
v 0.01334260 -0.03783688 0.01600000 0.43529412 0.65098039 0.59215686
v 0.01300000 -0.04000000 0.01000000 0.43529412 0.65098039 0.59215686
v 0.01300000 -0.04000000 0.01600000 0.43529412 0.65098039 0.59215686
v 0.01334260 -0.04216312 0.01000000 0.43529412 0.65098039 0.59215686
v 0.01334260 -0.04216312 0.01600000 0.43529412 0.65098039 0.59215686
v 0.01433688 -0.04411450 0.01000000 0.43529412 0.65098039 0.59215686
v 0.01433688 -0.04411450 0.01600000 0.43529412 0.65098039 0.59215686
v 0.01588550 -0.04566312 0.01000000 0.43529412 0.65098039 0.59215686
v 0.01588550 -0.04566312 0.01600000 0.43529412 0.65098039 0.59215686
v 0.01783688 -0.04665740 0.01000000 0.43529412 0.65098039 0.59215686
v 0.01783688 -0.04665740 0.01600000 0.43529412 0.65098039 0.59215686
v 0.02000000 -0.04700000 0.01000000 0.43529412 0.65098039 0.59215686
v 0.02000000 -0.04700000 0.01600000 0.43529412 0.65098039 0.59215686
v 0.02216312 -0.04665740 0.01000000 0.43529412 0.65098039 0.59215686
v 0.02216312 -0.04665740 0.01600000 0.43529412 0.65098039 0.59215686
v 0.02411450 -0.04566312 0.01000000 0.43529412 0.65098039 0.59215686
v 0.02411450 -0.04566312 0.01600000 0.43529412 0.65098039 0.59215686
v 0.02566312 -0.04411450 0.01000000 0.43529412 0.65098039 0.59215686
v 0.02566312 -0.04411450 0.01600000 0.43529412 0.65098039 0.59215686
v 0.02665740 -0.04216312 0.01000000 0.43529412 0.65098039 0.59215686
v 0.02665740 -0.04216312 0.01600000 0.43529412 0.65098039 0.59215686
v 0.02000000 -0.02000000 0.01000000 0.43529412 0.65098039 0.59215686
v 0.02700000 -0.02000000 0.01000000 0.43529412 0.65098039 0.59215686
v 0.02700000 -0.02000000 0.01600000 0.43529412 0.65098039 0.59215686
v 0.02000000 -0.02000000 0.01600000 0.43529412 0.65098039 0.59215686
v 0.02665740 -0.01783688 0.01000000 0.43529412 0.65098039 0.59215686
v 0.02665740 -0.01783688 0.01600000 0.43529412 0.65098039 0.59215686
v 0.02566312 -0.01588550 0.01000000 0.43529412 0.65098039 0.59215686
v 0.02566312 -0.01588550 0.01600000 0.43529412 0.65098039 0.59215686
v 0.02411450 -0.01433688 0.01000000 0.43529412 0.65098039 0.59215686
v 0.02411450 -0.01433688 0.01600000 0.43529412 0.65098039 0.59215686
v 0.02216312 -0.01334260 0.01000000 0.43529412 0.65098039 0.59215686
v 0.02216312 -0.01334260 0.01600000 0.43529412 0.65098039 0.59215686
v 0.02000000 -0.01300000 0.01000000 0.43529412 0.65098039 0.59215686
v 0.02000000 -0.01300000 0.01600000 0.43529412 0.65098039 0.59215686
v 0.01783688 -0.01334260 0.01000000 0.43529412 0.65098039 0.59215686
v 0.01783688 -0.01334260 0.01600000 0.43529412 0.65098039 0.59215686
v 0.01588550 -0.01433688 0.01000000 0.43529412 0.65098039 0.59215686
v 0.01588550 -0.01433688 0.01600000 0.43529412 0.65098039 0.59215686
v 0.01433688 -0.01588550 0.01000000 0.43529412 0.65098039 0.59215686
v 0.01433688 -0.01588550 0.01600000 0.43529412 0.65098039 0.59215686
v 0.01334260 -0.01783688 0.01000000 0.43529412 0.65098039 0.59215686
v 0.01334260 -0.01783688 0.01600000 0.43529412 0.65098039 0.59215686
v 0.01300000 -0.02000000 0.01000000 0.43529412 0.65098039 0.59215686
v 0.01300000 -0.02000000 0.01600000 0.43529412 0.65098039 0.59215686
v 0.01334260 -0.02216312 0.01000000 0.43529412 0.65098039 0.59215686
v 0.01334260 -0.02216312 0.01600000 0.43529412 0.65098039 0.59215686
v 0.01433688 -0.02411450 0.01000000 0.43529412 0.65098039 0.59215686
v 0.01433688 -0.02411450 0.01600000 0.43529412 0.65098039 0.59215686
v 0.01588550 -0.02566312 0.01000000 0.43529412 0.65098039 0.59215686
v 0.01588550 -0.02566312 0.01600000 0.43529412 0.65098039 0.59215686
v 0.01783688 -0.02665740 0.01000000 0.43529412 0.65098039 0.59215686
v 0.01783688 -0.02665740 0.01600000 0.43529412 0.65098039 0.59215686
v 0.02000000 -0.02700000 0.01000000 0.43529412 0.65098039 0.59215686
v 0.02000000 -0.02700000 0.01600000 0.43529412 0.65098039 0.59215686
v 0.02216312 -0.02665740 0.01000000 0.43529412 0.65098039 0.59215686
v 0.02216312 -0.02665740 0.01600000 0.43529412 0.65098039 0.59215686
v 0.02411450 -0.02566312 0.01000000 0.43529412 0.65098039 0.59215686
v 0.02411450 -0.02566312 0.01600000 0.43529412 0.65098039 0.59215686
v 0.02566312 -0.02411450 0.01000000 0.43529412 0.65098039 0.59215686
v 0.02566312 -0.02411450 0.01600000 0.43529412 0.65098039 0.59215686
v 0.02665740 -0.02216312 0.01000000 0.43529412 0.65098039 0.59215686
v 0.02665740 -0.02216312 0.01600000 0.43529412 0.65098039 0.59215686
v 0.02000000 0.00000000 0.01000000 0.43529412 0.65098039 0.59215686
v 0.02700000 0.00000000 0.01000000 0.43529412 0.65098039 0.59215686
v 0.02700000 0.00000000 0.01600000 0.43529412 0.65098039 0.59215686
v 0.02000000 0.00000000 0.01600000 0.43529412 0.65098039 0.59215686
v 0.02665740 0.00216312 0.01000000 0.43529412 0.65098039 0.59215686
v 0.02665740 0.00216312 0.01600000 0.43529412 0.65098039 0.59215686
v 0.02566312 0.00411450 0.01000000 0.43529412 0.65098039 0.59215686
v 0.02566312 0.00411450 0.01600000 0.43529412 0.65098039 0.59215686
v 0.02411450 0.00566312 0.01000000 0.43529412 0.65098039 0.59215686
v 0.02411450 0.00566312 0.01600000 0.43529412 0.65098039 0.59215686
v 0.02216312 0.00665740 0.01000000 0.43529412 0.65098039 0.59215686
v 0.02216312 0.00665740 0.01600000 0.43529412 0.65098039 0.59215686
v 0.02000000 0.00700000 0.01000000 0.43529412 0.65098039 0.59215686
v 0.02000000 0.00700000 0.01600000 0.43529412 0.65098039 0.59215686
v 0.01783688 0.00665740 0.01000000 0.43529412 0.65098039 0.59215686
v 0.01783688 0.00665740 0.01600000 0.43529412 0.65098039 0.59215686
v 0.01588550 0.00566312 0.01000000 0.43529412 0.65098039 0.59215686
v 0.01588550 0.00566312 0.01600000 0.43529412 0.65098039 0.59215686
v 0.01433688 0.00411450 0.01000000 0.43529412 0.65098039 0.59215686
v 0.01433688 0.00411450 0.01600000 0.43529412 0.65098039 0.59215686
v 0.01334260 0.00216312 0.01000000 0.43529412 0.65098039 0.59215686
v 0.01334260 0.00216312 0.01600000 0.43529412 0.65098039 0.59215686
v 0.01300000 0.00000000 0.01000000 0.43529412 0.65098039 0.59215686
v 0.01300000 0.00000000 0.01600000 0.43529412 0.65098039 0.59215686
v 0.01334260 -0.00216312 0.01000000 0.43529412 0.65098039 0.59215686
v 0.01334260 -0.00216312 0.01600000 0.43529412 0.65098039 0.59215686
v 0.01433688 -0.00411450 0.01000000 0.43529412 0.65098039 0.59215686
v 0.01433688 -0.00411450 0.01600000 0.43529412 0.65098039 0.59215686
v 0.01588550 -0.00566312 0.01000000 0.43529412 0.65098039 0.59215686
v 0.01588550 -0.00566312 0.01600000 0.43529412 0.65098039 0.59215686
v 0.01783688 -0.00665740 0.01000000 0.43529412 0.65098039 0.59215686
v 0.01783688 -0.00665740 0.01600000 0.43529412 0.65098039 0.59215686
v 0.02000000 -0.00700000 0.01000000 0.43529412 0.65098039 0.59215686
v 0.02000000 -0.00700000 0.01600000 0.43529412 0.65098039 0.59215686
v 0.02216312 -0.00665740 0.01000000 0.43529412 0.65098039 0.59215686
v 0.02216312 -0.00665740 0.01600000 0.43529412 0.65098039 0.59215686
v 0.02411450 -0.00566312 0.01000000 0.43529412 0.65098039 0.59215686
v 0.02411450 -0.00566312 0.01600000 0.43529412 0.65098039 0.59215686
v 0.02566312 -0.00411450 0.01000000 0.43529412 0.65098039 0.59215686
v 0.02566312 -0.00411450 0.01600000 0.43529412 0.65098039 0.59215686
v 0.02665740 -0.00216312 0.01000000 0.43529412 0.65098039 0.59215686
v 0.02665740 -0.00216312 0.01600000 0.43529412 0.65098039 0.59215686
v 0.02000000 0.02000000 0.01000000 0.43529412 0.65098039 0.59215686
v 0.02700000 0.02000000 0.01000000 0.43529412 0.65098039 0.59215686
v 0.02700000 0.02000000 0.01600000 0.43529412 0.65098039 0.59215686
v 0.02000000 0.02000000 0.01600000 0.43529412 0.65098039 0.59215686
v 0.02665740 0.02216312 0.01000000 0.43529412 0.65098039 0.59215686
v 0.02665740 0.02216312 0.01600000 0.43529412 0.65098039 0.59215686
v 0.02566312 0.02411450 0.01000000 0.43529412 0.65098039 0.59215686
v 0.02566312 0.02411450 0.01600000 0.43529412 0.65098039 0.59215686
v 0.02411450 0.02566312 0.01000000 0.43529412 0.65098039 0.59215686
v 0.02411450 0.02566312 0.01600000 0.43529412 0.65098039 0.59215686
v 0.02216312 0.02665740 0.01000000 0.43529412 0.65098039 0.59215686
v 0.02216312 0.02665740 0.01600000 0.43529412 0.65098039 0.59215686
v 0.02000000 0.02700000 0.01000000 0.43529412 0.65098039 0.59215686
v 0.02000000 0.02700000 0.01600000 0.43529412 0.65098039 0.59215686
v 0.01783688 0.02665740 0.01000000 0.43529412 0.65098039 0.59215686
v 0.01783688 0.02665740 0.01600000 0.43529412 0.65098039 0.59215686
v 0.01588550 0.02566312 0.01000000 0.43529412 0.65098039 0.59215686
v 0.01588550 0.02566312 0.01600000 0.43529412 0.65098039 0.59215686
v 0.01433688 0.02411450 0.01000000 0.43529412 0.65098039 0.59215686
v 0.01433688 0.02411450 0.01600000 0.43529412 0.65098039 0.59215686
v 0.01334260 0.02216312 0.01000000 0.43529412 0.65098039 0.59215686
v 0.01334260 0.02216312 0.01600000 0.43529412 0.65098039 0.59215686
v 0.01300000 0.02000000 0.01000000 0.43529412 0.65098039 0.59215686
v 0.01300000 0.02000000 0.01600000 0.43529412 0.65098039 0.59215686
v 0.01334260 0.01783688 0.01000000 0.43529412 0.65098039 0.59215686
v 0.01334260 0.01783688 0.01600000 0.43529412 0.65098039 0.59215686
v 0.01433688 0.01588550 0.01000000 0.43529412 0.65098039 0.59215686
v 0.01433688 0.01588550 0.01600000 0.43529412 0.65098039 0.59215686
v 0.01588550 0.01433688 0.01000000 0.43529412 0.65098039 0.59215686
v 0.01588550 0.01433688 0.01600000 0.43529412 0.65098039 0.59215686
v 0.01783688 0.01334260 0.01000000 0.43529412 0.65098039 0.59215686
v 0.01783688 0.01334260 0.01600000 0.43529412 0.65098039 0.59215686
v 0.02000000 0.01300000 0.01000000 0.43529412 0.65098039 0.59215686
v 0.02000000 0.01300000 0.01600000 0.43529412 0.65098039 0.59215686
v 0.02216312 0.01334260 0.01000000 0.43529412 0.65098039 0.59215686
v 0.02216312 0.01334260 0.01600000 0.43529412 0.65098039 0.59215686
v 0.02411450 0.01433688 0.01000000 0.43529412 0.65098039 0.59215686
v 0.02411450 0.01433688 0.01600000 0.43529412 0.65098039 0.59215686
v 0.02566312 0.01588550 0.01000000 0.43529412 0.65098039 0.59215686
v 0.02566312 0.01588550 0.01600000 0.43529412 0.65098039 0.59215686
v 0.02665740 0.01783688 0.01000000 0.43529412 0.65098039 0.59215686
v 0.02665740 0.01783688 0.01600000 0.43529412 0.65098039 0.59215686
v 0.02000000 0.04000000 0.01000000 0.43529412 0.65098039 0.59215686
v 0.02700000 0.04000000 0.01000000 0.43529412 0.65098039 0.59215686
v 0.02700000 0.04000000 0.01600000 0.43529412 0.65098039 0.59215686
v 0.02000000 0.04000000 0.01600000 0.43529412 0.65098039 0.59215686
v 0.02665740 0.04216312 0.01000000 0.43529412 0.65098039 0.59215686
v 0.02665740 0.04216312 0.01600000 0.43529412 0.65098039 0.59215686
v 0.02566312 0.04411450 0.01000000 0.43529412 0.65098039 0.59215686
v 0.02566312 0.04411450 0.01600000 0.43529412 0.65098039 0.59215686
v 0.02411450 0.04566312 0.01000000 0.43529412 0.65098039 0.59215686
v 0.02411450 0.04566312 0.01600000 0.43529412 0.65098039 0.59215686
v 0.02216312 0.04665740 0.01000000 0.43529412 0.65098039 0.59215686
v 0.02216312 0.04665740 0.01600000 0.43529412 0.65098039 0.59215686
v 0.02000000 0.04700000 0.01000000 0.43529412 0.65098039 0.59215686
v 0.02000000 0.04700000 0.01600000 0.43529412 0.65098039 0.59215686
v 0.01783688 0.04665740 0.01000000 0.43529412 0.65098039 0.59215686
v 0.01783688 0.04665740 0.01600000 0.43529412 0.65098039 0.59215686
v 0.01588550 0.04566312 0.01000000 0.43529412 0.65098039 0.59215686
v 0.01588550 0.04566312 0.01600000 0.43529412 0.65098039 0.59215686
v 0.01433688 0.04411450 0.01000000 0.43529412 0.65098039 0.59215686
v 0.01433688 0.04411450 0.01600000 0.43529412 0.65098039 0.59215686
v 0.01334260 0.04216312 0.01000000 0.43529412 0.65098039 0.59215686
v 0.01334260 0.04216312 0.01600000 0.43529412 0.65098039 0.59215686
v 0.01300000 0.04000000 0.01000000 0.43529412 0.65098039 0.59215686
v 0.01300000 0.04000000 0.01600000 0.43529412 0.65098039 0.59215686
v 0.01334260 0.03783688 0.01000000 0.43529412 0.65098039 0.59215686
v 0.01334260 0.03783688 0.01600000 0.43529412 0.65098039 0.59215686
v 0.01433688 0.03588550 0.01000000 0.43529412 0.65098039 0.59215686
v 0.01433688 0.03588550 0.01600000 0.43529412 0.65098039 0.59215686
v 0.01588550 0.03433688 0.01000000 0.43529412 0.65098039 0.59215686
v 0.01588550 0.03433688 0.01600000 0.43529412 0.65098039 0.59215686
v 0.01783688 0.03334260 0.01000000 0.43529412 0.65098039 0.59215686
v 0.01783688 0.03334260 0.01600000 0.43529412 0.65098039 0.59215686
v 0.02000000 0.03300000 0.01000000 0.43529412 0.65098039 0.59215686
v 0.02000000 0.03300000 0.01600000 0.43529412 0.65098039 0.59215686
v 0.02216312 0.03334260 0.01000000 0.43529412 0.65098039 0.59215686
v 0.02216312 0.03334260 0.01600000 0.43529412 0.65098039 0.59215686
v 0.02411450 0.03433688 0.01000000 0.43529412 0.65098039 0.59215686
v 0.02411450 0.03433688 0.01600000 0.43529412 0.65098039 0.59215686
v 0.02566312 0.03588550 0.01000000 0.43529412 0.65098039 0.59215686
v 0.02566312 0.03588550 0.01600000 0.43529412 0.65098039 0.59215686
v 0.02665740 0.03783688 0.01000000 0.43529412 0.65098039 0.59215686
v 0.02665740 0.03783688 0.01600000 0.43529412 0.65098039 0.59215686
v 0.04000000 -0.04000000 0.01000000 0.43529412 0.65098039 0.59215686
v 0.04700000 -0.04000000 0.01000000 0.43529412 0.65098039 0.59215686
v 0.04700000 -0.04000000 0.01600000 0.43529412 0.65098039 0.59215686
v 0.04000000 -0.04000000 0.01600000 0.43529412 0.65098039 0.59215686
v 0.04665740 -0.03783688 0.01000000 0.43529412 0.65098039 0.59215686
v 0.04665740 -0.03783688 0.01600000 0.43529412 0.65098039 0.59215686
v 0.04566312 -0.03588550 0.01000000 0.43529412 0.65098039 0.59215686
v 0.04566312 -0.03588550 0.01600000 0.43529412 0.65098039 0.59215686
v 0.04411450 -0.03433688 0.01000000 0.43529412 0.65098039 0.59215686
v 0.04411450 -0.03433688 0.01600000 0.43529412 0.65098039 0.59215686
v 0.04216312 -0.03334260 0.01000000 0.43529412 0.65098039 0.59215686
v 0.04216312 -0.03334260 0.01600000 0.43529412 0.65098039 0.59215686
v 0.04000000 -0.03300000 0.01000000 0.43529412 0.65098039 0.59215686
v 0.04000000 -0.03300000 0.01600000 0.43529412 0.65098039 0.59215686
v 0.03783688 -0.03334260 0.01000000 0.43529412 0.65098039 0.59215686
v 0.03783688 -0.03334260 0.01600000 0.43529412 0.65098039 0.59215686
v 0.03588550 -0.03433688 0.01000000 0.43529412 0.65098039 0.59215686
v 0.03588550 -0.03433688 0.01600000 0.43529412 0.65098039 0.59215686
v 0.03433688 -0.03588550 0.01000000 0.43529412 0.65098039 0.59215686
v 0.03433688 -0.03588550 0.01600000 0.43529412 0.65098039 0.59215686
v 0.03334260 -0.03783688 0.01000000 0.43529412 0.65098039 0.59215686
v 0.03334260 -0.03783688 0.01600000 0.43529412 0.65098039 0.59215686
v 0.03300000 -0.04000000 0.01000000 0.43529412 0.65098039 0.59215686
v 0.03300000 -0.04000000 0.01600000 0.43529412 0.65098039 0.59215686
v 0.03334260 -0.04216312 0.01000000 0.43529412 0.65098039 0.59215686
v 0.03334260 -0.04216312 0.01600000 0.43529412 0.65098039 0.59215686
v 0.03433688 -0.04411450 0.01000000 0.43529412 0.65098039 0.59215686
v 0.03433688 -0.04411450 0.01600000 0.43529412 0.65098039 0.59215686
v 0.03588550 -0.04566312 0.01000000 0.43529412 0.65098039 0.59215686
v 0.03588550 -0.04566312 0.01600000 0.43529412 0.65098039 0.59215686
v 0.03783688 -0.04665740 0.01000000 0.43529412 0.65098039 0.59215686
v 0.03783688 -0.04665740 0.01600000 0.43529412 0.65098039 0.59215686
v 0.04000000 -0.04700000 0.01000000 0.43529412 0.65098039 0.59215686
v 0.04000000 -0.04700000 0.01600000 0.43529412 0.65098039 0.59215686
v 0.04216312 -0.04665740 0.01000000 0.43529412 0.65098039 0.59215686
v 0.04216312 -0.04665740 0.01600000 0.43529412 0.65098039 0.59215686
v 0.04411450 -0.04566312 0.01000000 0.43529412 0.65098039 0.59215686
v 0.04411450 -0.04566312 0.01600000 0.43529412 0.65098039 0.59215686
v 0.04566312 -0.04411450 0.01000000 0.43529412 0.65098039 0.59215686
v 0.04566312 -0.04411450 0.01600000 0.43529412 0.65098039 0.59215686
v 0.04665740 -0.04216312 0.01000000 0.43529412 0.65098039 0.59215686
v 0.04665740 -0.04216312 0.01600000 0.43529412 0.65098039 0.59215686
v 0.04000000 -0.02000000 0.01000000 0.43529412 0.65098039 0.59215686
v 0.04700000 -0.02000000 0.01000000 0.43529412 0.65098039 0.59215686
v 0.04700000 -0.02000000 0.01600000 0.43529412 0.65098039 0.59215686
v 0.04000000 -0.02000000 0.01600000 0.43529412 0.65098039 0.59215686
v 0.04665740 -0.01783688 0.01000000 0.43529412 0.65098039 0.59215686
v 0.04665740 -0.01783688 0.01600000 0.43529412 0.65098039 0.59215686
v 0.04566312 -0.01588550 0.01000000 0.43529412 0.65098039 0.59215686
v 0.04566312 -0.01588550 0.01600000 0.43529412 0.65098039 0.59215686
v 0.04411450 -0.01433688 0.01000000 0.43529412 0.65098039 0.59215686
v 0.04411450 -0.01433688 0.01600000 0.43529412 0.65098039 0.59215686
v 0.04216312 -0.01334260 0.01000000 0.43529412 0.65098039 0.59215686
v 0.04216312 -0.01334260 0.01600000 0.43529412 0.65098039 0.59215686
v 0.04000000 -0.01300000 0.01000000 0.43529412 0.65098039 0.59215686
v 0.04000000 -0.01300000 0.01600000 0.43529412 0.65098039 0.59215686
v 0.03783688 -0.01334260 0.01000000 0.43529412 0.65098039 0.59215686
v 0.03783688 -0.01334260 0.01600000 0.43529412 0.65098039 0.59215686
v 0.03588550 -0.01433688 0.01000000 0.43529412 0.65098039 0.59215686
v 0.03588550 -0.01433688 0.01600000 0.43529412 0.65098039 0.59215686
v 0.03433688 -0.01588550 0.01000000 0.43529412 0.65098039 0.59215686
v 0.03433688 -0.01588550 0.01600000 0.43529412 0.65098039 0.59215686
v 0.03334260 -0.01783688 0.01000000 0.43529412 0.65098039 0.59215686
v 0.03334260 -0.01783688 0.01600000 0.43529412 0.65098039 0.59215686
v 0.03300000 -0.02000000 0.01000000 0.43529412 0.65098039 0.59215686
v 0.03300000 -0.02000000 0.01600000 0.43529412 0.65098039 0.59215686
v 0.03334260 -0.02216312 0.01000000 0.43529412 0.65098039 0.59215686
v 0.03334260 -0.02216312 0.01600000 0.43529412 0.65098039 0.59215686
v 0.03433688 -0.02411450 0.01000000 0.43529412 0.65098039 0.59215686
v 0.03433688 -0.02411450 0.01600000 0.43529412 0.65098039 0.59215686
v 0.03588550 -0.02566312 0.01000000 0.43529412 0.65098039 0.59215686
v 0.03588550 -0.02566312 0.01600000 0.43529412 0.65098039 0.59215686
v 0.03783688 -0.02665740 0.01000000 0.43529412 0.65098039 0.59215686
v 0.03783688 -0.02665740 0.01600000 0.43529412 0.65098039 0.59215686
v 0.04000000 -0.02700000 0.01000000 0.43529412 0.65098039 0.59215686
v 0.04000000 -0.02700000 0.01600000 0.43529412 0.65098039 0.59215686
v 0.04216312 -0.02665740 0.01000000 0.43529412 0.65098039 0.59215686
v 0.04216312 -0.02665740 0.01600000 0.43529412 0.65098039 0.59215686
v 0.04411450 -0.02566312 0.01000000 0.43529412 0.65098039 0.59215686
v 0.04411450 -0.02566312 0.01600000 0.43529412 0.65098039 0.59215686
v 0.04566312 -0.02411450 0.01000000 0.43529412 0.65098039 0.59215686
v 0.04566312 -0.02411450 0.01600000 0.43529412 0.65098039 0.59215686
v 0.04665740 -0.02216312 0.01000000 0.43529412 0.65098039 0.59215686
v 0.04665740 -0.02216312 0.01600000 0.43529412 0.65098039 0.59215686
v 0.04000000 0.00000000 0.01000000 0.43529412 0.65098039 0.59215686
v 0.04700000 0.00000000 0.01000000 0.43529412 0.65098039 0.59215686
v 0.04700000 0.00000000 0.01600000 0.43529412 0.65098039 0.59215686
v 0.04000000 0.00000000 0.01600000 0.43529412 0.65098039 0.59215686
v 0.04665740 0.00216312 0.01000000 0.43529412 0.65098039 0.59215686
v 0.04665740 0.00216312 0.01600000 0.43529412 0.65098039 0.59215686
v 0.04566312 0.00411450 0.01000000 0.43529412 0.65098039 0.59215686
v 0.04566312 0.00411450 0.01600000 0.43529412 0.65098039 0.59215686
v 0.04411450 0.00566312 0.01000000 0.43529412 0.65098039 0.59215686
v 0.04411450 0.00566312 0.01600000 0.43529412 0.65098039 0.59215686
v 0.04216312 0.00665740 0.01000000 0.43529412 0.65098039 0.59215686
v 0.04216312 0.00665740 0.01600000 0.43529412 0.65098039 0.59215686
v 0.04000000 0.00700000 0.01000000 0.43529412 0.65098039 0.59215686
v 0.04000000 0.00700000 0.01600000 0.43529412 0.65098039 0.59215686
v 0.03783688 0.00665740 0.01000000 0.43529412 0.65098039 0.59215686
v 0.03783688 0.00665740 0.01600000 0.43529412 0.65098039 0.59215686
v 0.03588550 0.00566312 0.01000000 0.43529412 0.65098039 0.59215686
v 0.03588550 0.00566312 0.01600000 0.43529412 0.65098039 0.59215686
v 0.03433688 0.00411450 0.01000000 0.43529412 0.65098039 0.59215686
v 0.03433688 0.00411450 0.01600000 0.43529412 0.65098039 0.59215686
v 0.03334260 0.00216312 0.01000000 0.43529412 0.65098039 0.59215686
v 0.03334260 0.00216312 0.01600000 0.43529412 0.65098039 0.59215686
v 0.03300000 0.00000000 0.01000000 0.43529412 0.65098039 0.59215686
v 0.03300000 0.00000000 0.01600000 0.43529412 0.65098039 0.59215686
v 0.03334260 -0.00216312 0.01000000 0.43529412 0.65098039 0.59215686
v 0.03334260 -0.00216312 0.01600000 0.43529412 0.65098039 0.59215686
v 0.03433688 -0.00411450 0.01000000 0.43529412 0.65098039 0.59215686
v 0.03433688 -0.00411450 0.01600000 0.43529412 0.65098039 0.59215686
v 0.03588550 -0.00566312 0.01000000 0.43529412 0.65098039 0.59215686
v 0.03588550 -0.00566312 0.01600000 0.43529412 0.65098039 0.59215686
v 0.03783688 -0.00665740 0.01000000 0.43529412 0.65098039 0.59215686
v 0.03783688 -0.00665740 0.01600000 0.43529412 0.65098039 0.59215686
v 0.04000000 -0.00700000 0.01000000 0.43529412 0.65098039 0.59215686
v 0.04000000 -0.00700000 0.01600000 0.43529412 0.65098039 0.59215686
v 0.04216312 -0.00665740 0.01000000 0.43529412 0.65098039 0.59215686
v 0.04216312 -0.00665740 0.01600000 0.43529412 0.65098039 0.59215686
v 0.04411450 -0.00566312 0.01000000 0.43529412 0.65098039 0.59215686
v 0.04411450 -0.00566312 0.01600000 0.43529412 0.65098039 0.59215686
v 0.04566312 -0.00411450 0.01000000 0.43529412 0.65098039 0.59215686
v 0.04566312 -0.00411450 0.01600000 0.43529412 0.65098039 0.59215686
v 0.04665740 -0.00216312 0.01000000 0.43529412 0.65098039 0.59215686
v 0.04665740 -0.00216312 0.01600000 0.43529412 0.65098039 0.59215686
v 0.04000000 0.02000000 0.01000000 0.43529412 0.65098039 0.59215686
v 0.04700000 0.02000000 0.01000000 0.43529412 0.65098039 0.59215686
v 0.04700000 0.02000000 0.01600000 0.43529412 0.65098039 0.59215686
v 0.04000000 0.02000000 0.01600000 0.43529412 0.65098039 0.59215686
v 0.04665740 0.02216312 0.01000000 0.43529412 0.65098039 0.59215686
v 0.04665740 0.02216312 0.01600000 0.43529412 0.65098039 0.59215686
v 0.04566312 0.02411450 0.01000000 0.43529412 0.65098039 0.59215686
v 0.04566312 0.02411450 0.01600000 0.43529412 0.65098039 0.59215686
v 0.04411450 0.02566312 0.01000000 0.43529412 0.65098039 0.59215686
v 0.04411450 0.02566312 0.01600000 0.43529412 0.65098039 0.59215686
v 0.04216312 0.02665740 0.01000000 0.43529412 0.65098039 0.59215686
v 0.04216312 0.02665740 0.01600000 0.43529412 0.65098039 0.59215686
v 0.04000000 0.02700000 0.01000000 0.43529412 0.65098039 0.59215686
v 0.04000000 0.02700000 0.01600000 0.43529412 0.65098039 0.59215686
v 0.03783688 0.02665740 0.01000000 0.43529412 0.65098039 0.59215686
v 0.03783688 0.02665740 0.01600000 0.43529412 0.65098039 0.59215686
v 0.03588550 0.02566312 0.01000000 0.43529412 0.65098039 0.59215686
v 0.03588550 0.02566312 0.01600000 0.43529412 0.65098039 0.59215686
v 0.03433688 0.02411450 0.01000000 0.43529412 0.65098039 0.59215686
v 0.03433688 0.02411450 0.01600000 0.43529412 0.65098039 0.59215686
v 0.03334260 0.02216312 0.01000000 0.43529412 0.65098039 0.59215686
v 0.03334260 0.02216312 0.01600000 0.43529412 0.65098039 0.59215686
v 0.03300000 0.02000000 0.01000000 0.43529412 0.65098039 0.59215686
v 0.03300000 0.02000000 0.01600000 0.43529412 0.65098039 0.59215686
v 0.03334260 0.01783688 0.01000000 0.43529412 0.65098039 0.59215686
v 0.03334260 0.01783688 0.01600000 0.43529412 0.65098039 0.59215686
v 0.03433688 0.01588550 0.01000000 0.43529412 0.65098039 0.59215686
v 0.03433688 0.01588550 0.01600000 0.43529412 0.65098039 0.59215686
v 0.03588550 0.01433688 0.01000000 0.43529412 0.65098039 0.59215686
v 0.03588550 0.01433688 0.01600000 0.43529412 0.65098039 0.59215686
v 0.03783688 0.01334260 0.01000000 0.43529412 0.65098039 0.59215686
v 0.03783688 0.01334260 0.01600000 0.43529412 0.65098039 0.59215686
v 0.04000000 0.01300000 0.01000000 0.43529412 0.65098039 0.59215686
v 0.04000000 0.01300000 0.01600000 0.43529412 0.65098039 0.59215686
v 0.04216312 0.01334260 0.01000000 0.43529412 0.65098039 0.59215686
v 0.04216312 0.01334260 0.01600000 0.43529412 0.65098039 0.59215686
v 0.04411450 0.01433688 0.01000000 0.43529412 0.65098039 0.59215686
v 0.04411450 0.01433688 0.01600000 0.43529412 0.65098039 0.59215686
v 0.04566312 0.01588550 0.01000000 0.43529412 0.65098039 0.59215686
v 0.04566312 0.01588550 0.01600000 0.43529412 0.65098039 0.59215686
v 0.04665740 0.01783688 0.01000000 0.43529412 0.65098039 0.59215686
v 0.04665740 0.01783688 0.01600000 0.43529412 0.65098039 0.59215686
v 0.04000000 0.04000000 0.01000000 0.43529412 0.65098039 0.59215686
v 0.04700000 0.04000000 0.01000000 0.43529412 0.65098039 0.59215686
v 0.04700000 0.04000000 0.01600000 0.43529412 0.65098039 0.59215686
v 0.04000000 0.04000000 0.01600000 0.43529412 0.65098039 0.59215686
v 0.04665740 0.04216312 0.01000000 0.43529412 0.65098039 0.59215686
v 0.04665740 0.04216312 0.01600000 0.43529412 0.65098039 0.59215686
v 0.04566312 0.04411450 0.01000000 0.43529412 0.65098039 0.59215686
v 0.04566312 0.04411450 0.01600000 0.43529412 0.65098039 0.59215686
v 0.04411450 0.04566312 0.01000000 0.43529412 0.65098039 0.59215686
v 0.04411450 0.04566312 0.01600000 0.43529412 0.65098039 0.59215686
v 0.04216312 0.04665740 0.01000000 0.43529412 0.65098039 0.59215686
v 0.04216312 0.04665740 0.01600000 0.43529412 0.65098039 0.59215686
v 0.04000000 0.04700000 0.01000000 0.43529412 0.65098039 0.59215686
v 0.04000000 0.04700000 0.01600000 0.43529412 0.65098039 0.59215686
v 0.03783688 0.04665740 0.01000000 0.43529412 0.65098039 0.59215686
v 0.03783688 0.04665740 0.01600000 0.43529412 0.65098039 0.59215686
v 0.03588550 0.04566312 0.01000000 0.43529412 0.65098039 0.59215686
v 0.03588550 0.04566312 0.01600000 0.43529412 0.65098039 0.59215686
v 0.03433688 0.04411450 0.01000000 0.43529412 0.65098039 0.59215686
v 0.03433688 0.04411450 0.01600000 0.43529412 0.65098039 0.59215686
v 0.03334260 0.04216312 0.01000000 0.43529412 0.65098039 0.59215686
v 0.03334260 0.04216312 0.01600000 0.43529412 0.65098039 0.59215686
v 0.03300000 0.04000000 0.01000000 0.43529412 0.65098039 0.59215686
v 0.03300000 0.04000000 0.01600000 0.43529412 0.65098039 0.59215686
v 0.03334260 0.03783688 0.01000000 0.43529412 0.65098039 0.59215686
v 0.03334260 0.03783688 0.01600000 0.43529412 0.65098039 0.59215686
v 0.03433688 0.03588550 0.01000000 0.43529412 0.65098039 0.59215686
v 0.03433688 0.03588550 0.01600000 0.43529412 0.65098039 0.59215686
v 0.03588550 0.03433688 0.01000000 0.43529412 0.65098039 0.59215686
v 0.03588550 0.03433688 0.01600000 0.43529412 0.65098039 0.59215686
v 0.03783688 0.03334260 0.01000000 0.43529412 0.65098039 0.59215686
v 0.03783688 0.03334260 0.01600000 0.43529412 0.65098039 0.59215686
v 0.04000000 0.03300000 0.01000000 0.43529412 0.65098039 0.59215686
v 0.04000000 0.03300000 0.01600000 0.43529412 0.65098039 0.59215686
v 0.04216312 0.03334260 0.01000000 0.43529412 0.65098039 0.59215686
v 0.04216312 0.03334260 0.01600000 0.43529412 0.65098039 0.59215686
v 0.04411450 0.03433688 0.01000000 0.43529412 0.65098039 0.59215686
v 0.04411450 0.03433688 0.01600000 0.43529412 0.65098039 0.59215686
v 0.04566312 0.03588550 0.01000000 0.43529412 0.65098039 0.59215686
v 0.04566312 0.03588550 0.01600000 0.43529412 0.65098039 0.59215686
v 0.04665740 0.03783688 0.01000000 0.43529412 0.65098039 0.59215686
v 0.04665740 0.03783688 0.01600000 0.43529412 0.65098039 0.59215686
f 2 4 1
f 5 2 1
f 1 4 3
f 3 5 1
f 2 8 4
f 6 2 5
f 6 8 2
f 4 8 3
f 7 5 3
f 3 8 7
f 7 6 5
f 8 6 7
f 10 9 13
f 10 13 11
f 11 13 14
f 11 14 12
f 13 9 15
f 13 15 14
f 14 15 16
f 14 16 12
f 15 9 17
f 15 17 16
f 16 17 18
f 16 18 12
f 17 9 19
f 17 19 18
f 18 19 20
f 18 20 12
f 19 9 21
f 19 21 20
f 20 21 22
f 20 22 12
f 21 9 23
f 21 23 22
f 22 23 24
f 22 24 12
f 23 9 25
f 23 25 24
f 24 25 26
f 24 26 12
f 25 9 27
f 25 27 26
f 26 27 28
f 26 28 12
f 27 9 29
f 27 29 28
f 28 29 30
f 28 30 12
f 29 9 31
f 29 31 30
f 30 31 32
f 30 32 12
f 31 9 33
f 31 33 32
f 32 33 34
f 32 34 12
f 33 9 35
f 33 35 34
f 34 35 36
f 34 36 12
f 35 9 37
f 35 37 36
f 36 37 38
f 36 38 12
f 37 9 39
f 37 39 38
f 38 39 40
f 38 40 12
f 39 9 41
f 39 41 40
f 40 41 42
f 40 42 12
f 41 9 43
f 41 43 42
f 42 43 44
f 42 44 12
f 43 9 45
f 43 45 44
f 44 45 46
f 44 46 12
f 45 9 47
f 45 47 46
f 46 47 48
f 46 48 12
f 47 9 49
f 47 49 48
f 48 49 50
f 48 50 12
f 49 9 10
f 49 10 50
f 50 10 11
f 50 11 12
f 52 51 55
f 52 55 53
f 53 55 56
f 53 56 54
f 55 51 57
f 55 57 56
f 56 57 58
f 56 58 54
f 57 51 59
f 57 59 58
f 58 59 60
f 58 60 54
f 59 51 61
f 59 61 60
f 60 61 62
f 60 62 54
f 61 51 63
f 61 63 62
f 62 63 64
f 62 64 54
f 63 51 65
f 63 65 64
f 64 65 66
f 64 66 54
f 65 51 67
f 65 67 66
f 66 67 68
f 66 68 54
f 67 51 69
f 67 69 68
f 68 69 70
f 68 70 54
f 69 51 71
f 69 71 70
f 70 71 72
f 70 72 54
f 71 51 73
f 71 73 72
f 72 73 74
f 72 74 54
f 73 51 75
f 73 75 74
f 74 75 76
f 74 76 54
f 75 51 77
f 75 77 76
f 76 77 78
f 76 78 54
f 77 51 79
f 77 79 78
f 78 79 80
f 78 80 54
f 79 51 81
f 79 81 80
f 80 81 82
f 80 82 54
f 81 51 83
f 81 83 82
f 82 83 84
f 82 84 54
f 83 51 85
f 83 85 84
f 84 85 86
f 84 86 54
f 85 51 87
f 85 87 86
f 86 87 88
f 86 88 54
f 87 51 89
f 87 89 88
f 88 89 90
f 88 90 54
f 89 51 91
f 89 91 90
f 90 91 92
f 90 92 54
f 91 51 52
f 91 52 92
f 92 52 53
f 92 53 54
f 94 93 97
f 94 97 95
f 95 97 98
f 95 98 96
f 97 93 99
f 97 99 98
f 98 99 100
f 98 100 96
f 99 93 101
f 99 101 100
f 100 101 102
f 100 102 96
f 101 93 103
f 101 103 102
f 102 103 104
f 102 104 96
f 103 93 105
f 103 105 104
f 104 105 106
f 104 106 96
f 105 93 107
f 105 107 106
f 106 107 108
f 106 108 96
f 107 93 109
f 107 109 108
f 108 109 110
f 108 110 96
f 109 93 111
f 109 111 110
f 110 111 112
f 110 112 96
f 111 93 113
f 111 113 112
f 112 113 114
f 112 114 96
f 113 93 115
f 113 115 114
f 114 115 116
f 114 116 96
f 115 93 117
f 115 117 116
f 116 117 118
f 116 118 96
f 117 93 119
f 117 119 118
f 118 119 120
f 118 120 96
f 119 93 121
f 119 121 120
f 120 121 122
f 120 122 96
f 121 93 123
f 121 123 122
f 122 123 124
f 122 124 96
f 123 93 125
f 123 125 124
f 124 125 126
f 124 126 96
f 125 93 127
f 125 127 126
f 126 127 128
f 126 128 96
f 127 93 129
f 127 129 128
f 128 129 130
f 128 130 96
f 129 93 131
f 129 131 130
f 130 131 132
f 130 132 96
f 131 93 133
f 131 133 132
f 132 133 134
f 132 134 96
f 133 93 94
f 133 94 134
f 134 94 95
f 134 95 96
f 136 135 139
f 136 139 137
f 137 139 140
f 137 140 138
f 139 135 141
f 139 141 140
f 140 141 142
f 140 142 138
f 141 135 143
f 141 143 142
f 142 143 144
f 142 144 138
f 143 135 145
f 143 145 144
f 144 145 146
f 144 146 138
f 145 135 147
f 145 147 146
f 146 147 148
f 146 148 138
f 147 135 149
f 147 149 148
f 148 149 150
f 148 150 138
f 149 135 151
f 149 151 150
f 150 151 152
f 150 152 138
f 151 135 153
f 151 153 152
f 152 153 154
f 152 154 138
f 153 135 155
f 153 155 154
f 154 155 156
f 154 156 138
f 155 135 157
f 155 157 156
f 156 157 158
f 156 158 138
f 157 135 159
f 157 159 158
f 158 159 160
f 158 160 138
f 159 135 161
f 159 161 160
f 160 161 162
f 160 162 138
f 161 135 163
f 161 163 162
f 162 163 164
f 162 164 138
f 163 135 165
f 163 165 164
f 164 165 166
f 164 166 138
f 165 135 167
f 165 167 166
f 166 167 168
f 166 168 138
f 167 135 169
f 167 169 168
f 168 169 170
f 168 170 138
f 169 135 171
f 169 171 170
f 170 171 172
f 170 172 138
f 171 135 173
f 171 173 172
f 172 173 174
f 172 174 138
f 173 135 175
f 173 175 174
f 174 175 176
f 174 176 138
f 175 135 136
f 175 136 176
f 176 136 137
f 176 137 138
f 178 177 181
f 178 181 179
f 179 181 182
f 179 182 180
f 181 177 183
f 181 183 182
f 182 183 184
f 182 184 180
f 183 177 185
f 183 185 184
f 184 185 186
f 184 186 180
f 185 177 187
f 185 187 186
f 186 187 188
f 186 188 180
f 187 177 189
f 187 189 188
f 188 189 190
f 188 190 180
f 189 177 191
f 189 191 190
f 190 191 192
f 190 192 180
f 191 177 193
f 191 193 192
f 192 193 194
f 192 194 180
f 193 177 195
f 193 195 194
f 194 195 196
f 194 196 180
f 195 177 197
f 195 197 196
f 196 197 198
f 196 198 180
f 197 177 199
f 197 199 198
f 198 199 200
f 198 200 180
f 199 177 201
f 199 201 200
f 200 201 202
f 200 202 180
f 201 177 203
f 201 203 202
f 202 203 204
f 202 204 180
f 203 177 205
f 203 205 204
f 204 205 206
f 204 206 180
f 205 177 207
f 205 207 206
f 206 207 208
f 206 208 180
f 207 177 209
f 207 209 208
f 208 209 210
f 208 210 180
f 209 177 211
f 209 211 210
f 210 211 212
f 210 212 180
f 211 177 213
f 211 213 212
f 212 213 214
f 212 214 180
f 213 177 215
f 213 215 214
f 214 215 216
f 214 216 180
f 215 177 217
f 215 217 216
f 216 217 218
f 216 218 180
f 217 177 178
f 217 178 218
f 218 178 179
f 218 179 180
f 220 219 223
f 220 223 221
f 221 223 224
f 221 224 222
f 223 219 225
f 223 225 224
f 224 225 226
f 224 226 222
f 225 219 227
f 225 227 226
f 226 227 228
f 226 228 222
f 227 219 229
f 227 229 228
f 228 229 230
f 228 230 222
f 229 219 231
f 229 231 230
f 230 231 232
f 230 232 222
f 231 219 233
f 231 233 232
f 232 233 234
f 232 234 222
f 233 219 235
f 233 235 234
f 234 235 236
f 234 236 222
f 235 219 237
f 235 237 236
f 236 237 238
f 236 238 222
f 237 219 239
f 237 239 238
f 238 239 240
f 238 240 222
f 239 219 241
f 239 241 240
f 240 241 242
f 240 242 222
f 241 219 243
f 241 243 242
f 242 243 244
f 242 244 222
f 243 219 245
f 243 245 244
f 244 245 246
f 244 246 222
f 245 219 247
f 245 247 246
f 246 247 248
f 246 248 222
f 247 219 249
f 247 249 248
f 248 249 250
f 248 250 222
f 249 219 251
f 249 251 250
f 250 251 252
f 250 252 222
f 251 219 253
f 251 253 252
f 252 253 254
f 252 254 222
f 253 219 255
f 253 255 254
f 254 255 256
f 254 256 222
f 255 219 257
f 255 257 256
f 256 257 258
f 256 258 222
f 257 219 259
f 257 259 258
f 258 259 260
f 258 260 222
f 259 219 220
f 259 220 260
f 260 220 221
f 260 221 222
f 262 261 265
f 262 265 263
f 263 265 266
f 263 266 264
f 265 261 267
f 265 267 266
f 266 267 268
f 266 268 264
f 267 261 269
f 267 269 268
f 268 269 270
f 268 270 264
f 269 261 271
f 269 271 270
f 270 271 272
f 270 272 264
f 271 261 273
f 271 273 272
f 272 273 274
f 272 274 264
f 273 261 275
f 273 275 274
f 274 275 276
f 274 276 264
f 275 261 277
f 275 277 276
f 276 277 278
f 276 278 264
f 277 261 279
f 277 279 278
f 278 279 280
f 278 280 264
f 279 261 281
f 279 281 280
f 280 281 282
f 280 282 264
f 281 261 283
f 281 283 282
f 282 283 284
f 282 284 264
f 283 261 285
f 283 285 284
f 284 285 286
f 284 286 264
f 285 261 287
f 285 287 286
f 286 287 288
f 286 288 264
f 287 261 289
f 287 289 288
f 288 289 290
f 288 290 264
f 289 261 291
f 289 291 290
f 290 291 292
f 290 292 264
f 291 261 293
f 291 293 292
f 292 293 294
f 292 294 264
f 293 261 295
f 293 295 294
f 294 295 296
f 294 296 264
f 295 261 297
f 295 297 296
f 296 297 298
f 296 298 264
f 297 261 299
f 297 299 298
f 298 299 300
f 298 300 264
f 299 261 301
f 299 301 300
f 300 301 302
f 300 302 264
f 301 261 262
f 301 262 302
f 302 262 263
f 302 263 264
f 304 303 307
f 304 307 305
f 305 307 308
f 305 308 306
f 307 303 309
f 307 309 308
f 308 309 310
f 308 310 306
f 309 303 311
f 309 311 310
f 310 311 312
f 310 312 306
f 311 303 313
f 311 313 312
f 312 313 314
f 312 314 306
f 313 303 315
f 313 315 314
f 314 315 316
f 314 316 306
f 315 303 317
f 315 317 316
f 316 317 318
f 316 318 306
f 317 303 319
f 317 319 318
f 318 319 320
f 318 320 306
f 319 303 321
f 319 321 320
f 320 321 322
f 320 322 306
f 321 303 323
f 321 323 322
f 322 323 324
f 322 324 306
f 323 303 325
f 323 325 324
f 324 325 326
f 324 326 306
f 325 303 327
f 325 327 326
f 326 327 328
f 326 328 306
f 327 303 329
f 327 329 328
f 328 329 330
f 328 330 306
f 329 303 331
f 329 331 330
f 330 331 332
f 330 332 306
f 331 303 333
f 331 333 332
f 332 333 334
f 332 334 306
f 333 303 335
f 333 335 334
f 334 335 336
f 334 336 306
f 335 303 337
f 335 337 336
f 336 337 338
f 336 338 306
f 337 303 339
f 337 339 338
f 338 339 340
f 338 340 306
f 339 303 341
f 339 341 340
f 340 341 342
f 340 342 306
f 341 303 343
f 341 343 342
f 342 343 344
f 342 344 306
f 343 303 304
f 343 304 344
f 344 304 305
f 344 305 306
f 346 345 349
f 346 349 347
f 347 349 350
f 347 350 348
f 349 345 351
f 349 351 350
f 350 351 352
f 350 352 348
f 351 345 353
f 351 353 352
f 352 353 354
f 352 354 348
f 353 345 355
f 353 355 354
f 354 355 356
f 354 356 348
f 355 345 357
f 355 357 356
f 356 357 358
f 356 358 348
f 357 345 359
f 357 359 358
f 358 359 360
f 358 360 348
f 359 345 361
f 359 361 360
f 360 361 362
f 360 362 348
f 361 345 363
f 361 363 362
f 362 363 364
f 362 364 348
f 363 345 365
f 363 365 364
f 364 365 366
f 364 366 348
f 365 345 367
f 365 367 366
f 366 367 368
f 366 368 348
f 367 345 369
f 367 369 368
f 368 369 370
f 368 370 348
f 369 345 371
f 369 371 370
f 370 371 372
f 370 372 348
f 371 345 373
f 371 373 372
f 372 373 374
f 372 374 348
f 373 345 375
f 373 375 374
f 374 375 376
f 374 376 348
f 375 345 377
f 375 377 376
f 376 377 378
f 376 378 348
f 377 345 379
f 377 379 378
f 378 379 380
f 378 380 348
f 379 345 381
f 379 381 380
f 380 381 382
f 380 382 348
f 381 345 383
f 381 383 382
f 382 383 384
f 382 384 348
f 383 345 385
f 383 385 384
f 384 385 386
f 384 386 348
f 385 345 346
f 385 346 386
f 386 346 347
f 386 347 348
f 388 387 391
f 388 391 389
f 389 391 392
f 389 392 390
f 391 387 393
f 391 393 392
f 392 393 394
f 392 394 390
f 393 387 395
f 393 395 394
f 394 395 396
f 394 396 390
f 395 387 397
f 395 397 396
f 396 397 398
f 396 398 390
f 397 387 399
f 397 399 398
f 398 399 400
f 398 400 390
f 399 387 401
f 399 401 400
f 400 401 402
f 400 402 390
f 401 387 403
f 401 403 402
f 402 403 404
f 402 404 390
f 403 387 405
f 403 405 404
f 404 405 406
f 404 406 390
f 405 387 407
f 405 407 406
f 406 407 408
f 406 408 390
f 407 387 409
f 407 409 408
f 408 409 410
f 408 410 390
f 409 387 411
f 409 411 410
f 410 411 412
f 410 412 390
f 411 387 413
f 411 413 412
f 412 413 414
f 412 414 390
f 413 387 415
f 413 415 414
f 414 415 416
f 414 416 390
f 415 387 417
f 415 417 416
f 416 417 418
f 416 418 390
f 417 387 419
f 417 419 418
f 418 419 420
f 418 420 390
f 419 387 421
f 419 421 420
f 420 421 422
f 420 422 390
f 421 387 423
f 421 423 422
f 422 423 424
f 422 424 390
f 423 387 425
f 423 425 424
f 424 425 426
f 424 426 390
f 425 387 427
f 425 427 426
f 426 427 428
f 426 428 390
f 427 387 388
f 427 388 428
f 428 388 389
f 428 389 390
f 430 429 433
f 430 433 431
f 431 433 434
f 431 434 432
f 433 429 435
f 433 435 434
f 434 435 436
f 434 436 432
f 435 429 437
f 435 437 436
f 436 437 438
f 436 438 432
f 437 429 439
f 437 439 438
f 438 439 440
f 438 440 432
f 439 429 441
f 439 441 440
f 440 441 442
f 440 442 432
f 441 429 443
f 441 443 442
f 442 443 444
f 442 444 432
f 443 429 445
f 443 445 444
f 444 445 446
f 444 446 432
f 445 429 447
f 445 447 446
f 446 447 448
f 446 448 432
f 447 429 449
f 447 449 448
f 448 449 450
f 448 450 432
f 449 429 451
f 449 451 450
f 450 451 452
f 450 452 432
f 451 429 453
f 451 453 452
f 452 453 454
f 452 454 432
f 453 429 455
f 453 455 454
f 454 455 456
f 454 456 432
f 455 429 457
f 455 457 456
f 456 457 458
f 456 458 432
f 457 429 459
f 457 459 458
f 458 459 460
f 458 460 432
f 459 429 461
f 459 461 460
f 460 461 462
f 460 462 432
f 461 429 463
f 461 463 462
f 462 463 464
f 462 464 432
f 463 429 465
f 463 465 464
f 464 465 466
f 464 466 432
f 465 429 467
f 465 467 466
f 466 467 468
f 466 468 432
f 467 429 469
f 467 469 468
f 468 469 470
f 468 470 432
f 469 429 430
f 469 430 470
f 470 430 431
f 470 431 432
f 472 471 475
f 472 475 473
f 473 475 476
f 473 476 474
f 475 471 477
f 475 477 476
f 476 477 478
f 476 478 474
f 477 471 479
f 477 479 478
f 478 479 480
f 478 480 474
f 479 471 481
f 479 481 480
f 480 481 482
f 480 482 474
f 481 471 483
f 481 483 482
f 482 483 484
f 482 484 474
f 483 471 485
f 483 485 484
f 484 485 486
f 484 486 474
f 485 471 487
f 485 487 486
f 486 487 488
f 486 488 474
f 487 471 489
f 487 489 488
f 488 489 490
f 488 490 474
f 489 471 491
f 489 491 490
f 490 491 492
f 490 492 474
f 491 471 493
f 491 493 492
f 492 493 494
f 492 494 474
f 493 471 495
f 493 495 494
f 494 495 496
f 494 496 474
f 495 471 497
f 495 497 496
f 496 497 498
f 496 498 474
f 497 471 499
f 497 499 498
f 498 499 500
f 498 500 474
f 499 471 501
f 499 501 500
f 500 501 502
f 500 502 474
f 501 471 503
f 501 503 502
f 502 503 504
f 502 504 474
f 503 471 505
f 503 505 504
f 504 505 506
f 504 506 474
f 505 471 507
f 505 507 506
f 506 507 508
f 506 508 474
f 507 471 509
f 507 509 508
f 508 509 510
f 508 510 474
f 509 471 511
f 509 511 510
f 510 511 512
f 510 512 474
f 511 471 472
f 511 472 512
f 512 472 473
f 512 473 474
f 514 513 517
f 514 517 515
f 515 517 518
f 515 518 516
f 517 513 519
f 517 519 518
f 518 519 520
f 518 520 516
f 519 513 521
f 519 521 520
f 520 521 522
f 520 522 516
f 521 513 523
f 521 523 522
f 522 523 524
f 522 524 516
f 523 513 525
f 523 525 524
f 524 525 526
f 524 526 516
f 525 513 527
f 525 527 526
f 526 527 528
f 526 528 516
f 527 513 529
f 527 529 528
f 528 529 530
f 528 530 516
f 529 513 531
f 529 531 530
f 530 531 532
f 530 532 516
f 531 513 533
f 531 533 532
f 532 533 534
f 532 534 516
f 533 513 535
f 533 535 534
f 534 535 536
f 534 536 516
f 535 513 537
f 535 537 536
f 536 537 538
f 536 538 516
f 537 513 539
f 537 539 538
f 538 539 540
f 538 540 516
f 539 513 541
f 539 541 540
f 540 541 542
f 540 542 516
f 541 513 543
f 541 543 542
f 542 543 544
f 542 544 516
f 543 513 545
f 543 545 544
f 544 545 546
f 544 546 516
f 545 513 547
f 545 547 546
f 546 547 548
f 546 548 516
f 547 513 549
f 547 549 548
f 548 549 550
f 548 550 516
f 549 513 551
f 549 551 550
f 550 551 552
f 550 552 516
f 551 513 553
f 551 553 552
f 552 553 554
f 552 554 516
f 553 513 514
f 553 514 554
f 554 514 515
f 554 515 516
f 556 555 559
f 556 559 557
f 557 559 560
f 557 560 558
f 559 555 561
f 559 561 560
f 560 561 562
f 560 562 558
f 561 555 563
f 561 563 562
f 562 563 564
f 562 564 558
f 563 555 565
f 563 565 564
f 564 565 566
f 564 566 558
f 565 555 567
f 565 567 566
f 566 567 568
f 566 568 558
f 567 555 569
f 567 569 568
f 568 569 570
f 568 570 558
f 569 555 571
f 569 571 570
f 570 571 572
f 570 572 558
f 571 555 573
f 571 573 572
f 572 573 574
f 572 574 558
f 573 555 575
f 573 575 574
f 574 575 576
f 574 576 558
f 575 555 577
f 575 577 576
f 576 577 578
f 576 578 558
f 577 555 579
f 577 579 578
f 578 579 580
f 578 580 558
f 579 555 581
f 579 581 580
f 580 581 582
f 580 582 558
f 581 555 583
f 581 583 582
f 582 583 584
f 582 584 558
f 583 555 585
f 583 585 584
f 584 585 586
f 584 586 558
f 585 555 587
f 585 587 586
f 586 587 588
f 586 588 558
f 587 555 589
f 587 589 588
f 588 589 590
f 588 590 558
f 589 555 591
f 589 591 590
f 590 591 592
f 590 592 558
f 591 555 593
f 591 593 592
f 592 593 594
f 592 594 558
f 593 555 595
f 593 595 594
f 594 595 596
f 594 596 558
f 595 555 556
f 595 556 596
f 596 556 557
f 596 557 558
f 598 597 601
f 598 601 599
f 599 601 602
f 599 602 600
f 601 597 603
f 601 603 602
f 602 603 604
f 602 604 600
f 603 597 605
f 603 605 604
f 604 605 606
f 604 606 600
f 605 597 607
f 605 607 606
f 606 607 608
f 606 608 600
f 607 597 609
f 607 609 608
f 608 609 610
f 608 610 600
f 609 597 611
f 609 611 610
f 610 611 612
f 610 612 600
f 611 597 613
f 611 613 612
f 612 613 614
f 612 614 600
f 613 597 615
f 613 615 614
f 614 615 616
f 614 616 600
f 615 597 617
f 615 617 616
f 616 617 618
f 616 618 600
f 617 597 619
f 617 619 618
f 618 619 620
f 618 620 600
f 619 597 621
f 619 621 620
f 620 621 622
f 620 622 600
f 621 597 623
f 621 623 622
f 622 623 624
f 622 624 600
f 623 597 625
f 623 625 624
f 624 625 626
f 624 626 600
f 625 597 627
f 625 627 626
f 626 627 628
f 626 628 600
f 627 597 629
f 627 629 628
f 628 629 630
f 628 630 600
f 629 597 631
f 629 631 630
f 630 631 632
f 630 632 600
f 631 597 633
f 631 633 632
f 632 633 634
f 632 634 600
f 633 597 635
f 633 635 634
f 634 635 636
f 634 636 600
f 635 597 637
f 635 637 636
f 636 637 638
f 636 638 600
f 637 597 598
f 637 598 638
f 638 598 599
f 638 599 600
f 640 639 643
f 640 643 641
f 641 643 644
f 641 644 642
f 643 639 645
f 643 645 644
f 644 645 646
f 644 646 642
f 645 639 647
f 645 647 646
f 646 647 648
f 646 648 642
f 647 639 649
f 647 649 648
f 648 649 650
f 648 650 642
f 649 639 651
f 649 651 650
f 650 651 652
f 650 652 642
f 651 639 653
f 651 653 652
f 652 653 654
f 652 654 642
f 653 639 655
f 653 655 654
f 654 655 656
f 654 656 642
f 655 639 657
f 655 657 656
f 656 657 658
f 656 658 642
f 657 639 659
f 657 659 658
f 658 659 660
f 658 660 642
f 659 639 661
f 659 661 660
f 660 661 662
f 660 662 642
f 661 639 663
f 661 663 662
f 662 663 664
f 662 664 642
f 663 639 665
f 663 665 664
f 664 665 666
f 664 666 642
f 665 639 667
f 665 667 666
f 666 667 668
f 666 668 642
f 667 639 669
f 667 669 668
f 668 669 670
f 668 670 642
f 669 639 671
f 669 671 670
f 670 671 672
f 670 672 642
f 671 639 673
f 671 673 672
f 672 673 674
f 672 674 642
f 673 639 675
f 673 675 674
f 674 675 676
f 674 676 642
f 675 639 677
f 675 677 676
f 676 677 678
f 676 678 642
f 677 639 679
f 677 679 678
f 678 679 680
f 678 680 642
f 679 639 640
f 679 640 680
f 680 640 641
f 680 641 642
f 682 681 685
f 682 685 683
f 683 685 686
f 683 686 684
f 685 681 687
f 685 687 686
f 686 687 688
f 686 688 684
f 687 681 689
f 687 689 688
f 688 689 690
f 688 690 684
f 689 681 691
f 689 691 690
f 690 691 692
f 690 692 684
f 691 681 693
f 691 693 692
f 692 693 694
f 692 694 684
f 693 681 695
f 693 695 694
f 694 695 696
f 694 696 684
f 695 681 697
f 695 697 696
f 696 697 698
f 696 698 684
f 697 681 699
f 697 699 698
f 698 699 700
f 698 700 684
f 699 681 701
f 699 701 700
f 700 701 702
f 700 702 684
f 701 681 703
f 701 703 702
f 702 703 704
f 702 704 684
f 703 681 705
f 703 705 704
f 704 705 706
f 704 706 684
f 705 681 707
f 705 707 706
f 706 707 708
f 706 708 684
f 707 681 709
f 707 709 708
f 708 709 710
f 708 710 684
f 709 681 711
f 709 711 710
f 710 711 712
f 710 712 684
f 711 681 713
f 711 713 712
f 712 713 714
f 712 714 684
f 713 681 715
f 713 715 714
f 714 715 716
f 714 716 684
f 715 681 717
f 715 717 716
f 716 717 718
f 716 718 684
f 717 681 719
f 717 719 718
f 718 719 720
f 718 720 684
f 719 681 721
f 719 721 720
f 720 721 722
f 720 722 684
f 721 681 682
f 721 682 722
f 722 682 683
f 722 683 684
f 724 723 727
f 724 727 725
f 725 727 728
f 725 728 726
f 727 723 729
f 727 729 728
f 728 729 730
f 728 730 726
f 729 723 731
f 729 731 730
f 730 731 732
f 730 732 726
f 731 723 733
f 731 733 732
f 732 733 734
f 732 734 726
f 733 723 735
f 733 735 734
f 734 735 736
f 734 736 726
f 735 723 737
f 735 737 736
f 736 737 738
f 736 738 726
f 737 723 739
f 737 739 738
f 738 739 740
f 738 740 726
f 739 723 741
f 739 741 740
f 740 741 742
f 740 742 726
f 741 723 743
f 741 743 742
f 742 743 744
f 742 744 726
f 743 723 745
f 743 745 744
f 744 745 746
f 744 746 726
f 745 723 747
f 745 747 746
f 746 747 748
f 746 748 726
f 747 723 749
f 747 749 748
f 748 749 750
f 748 750 726
f 749 723 751
f 749 751 750
f 750 751 752
f 750 752 726
f 751 723 753
f 751 753 752
f 752 753 754
f 752 754 726
f 753 723 755
f 753 755 754
f 754 755 756
f 754 756 726
f 755 723 757
f 755 757 756
f 756 757 758
f 756 758 726
f 757 723 759
f 757 759 758
f 758 759 760
f 758 760 726
f 759 723 761
f 759 761 760
f 760 761 762
f 760 762 726
f 761 723 763
f 761 763 762
f 762 763 764
f 762 764 726
f 763 723 724
f 763 724 764
f 764 724 725
f 764 725 726
f 766 765 769
f 766 769 767
f 767 769 770
f 767 770 768
f 769 765 771
f 769 771 770
f 770 771 772
f 770 772 768
f 771 765 773
f 771 773 772
f 772 773 774
f 772 774 768
f 773 765 775
f 773 775 774
f 774 775 776
f 774 776 768
f 775 765 777
f 775 777 776
f 776 777 778
f 776 778 768
f 777 765 779
f 777 779 778
f 778 779 780
f 778 780 768
f 779 765 781
f 779 781 780
f 780 781 782
f 780 782 768
f 781 765 783
f 781 783 782
f 782 783 784
f 782 784 768
f 783 765 785
f 783 785 784
f 784 785 786
f 784 786 768
f 785 765 787
f 785 787 786
f 786 787 788
f 786 788 768
f 787 765 789
f 787 789 788
f 788 789 790
f 788 790 768
f 789 765 791
f 789 791 790
f 790 791 792
f 790 792 768
f 791 765 793
f 791 793 792
f 792 793 794
f 792 794 768
f 793 765 795
f 793 795 794
f 794 795 796
f 794 796 768
f 795 765 797
f 795 797 796
f 796 797 798
f 796 798 768
f 797 765 799
f 797 799 798
f 798 799 800
f 798 800 768
f 799 765 801
f 799 801 800
f 800 801 802
f 800 802 768
f 801 765 803
f 801 803 802
f 802 803 804
f 802 804 768
f 803 765 805
f 803 805 804
f 804 805 806
f 804 806 768
f 805 765 766
f 805 766 806
f 806 766 767
f 806 767 768
f 808 807 811
f 808 811 809
f 809 811 812
f 809 812 810
f 811 807 813
f 811 813 812
f 812 813 814
f 812 814 810
f 813 807 815
f 813 815 814
f 814 815 816
f 814 816 810
f 815 807 817
f 815 817 816
f 816 817 818
f 816 818 810
f 817 807 819
f 817 819 818
f 818 819 820
f 818 820 810
f 819 807 821
f 819 821 820
f 820 821 822
f 820 822 810
f 821 807 823
f 821 823 822
f 822 823 824
f 822 824 810
f 823 807 825
f 823 825 824
f 824 825 826
f 824 826 810
f 825 807 827
f 825 827 826
f 826 827 828
f 826 828 810
f 827 807 829
f 827 829 828
f 828 829 830
f 828 830 810
f 829 807 831
f 829 831 830
f 830 831 832
f 830 832 810
f 831 807 833
f 831 833 832
f 832 833 834
f 832 834 810
f 833 807 835
f 833 835 834
f 834 835 836
f 834 836 810
f 835 807 837
f 835 837 836
f 836 837 838
f 836 838 810
f 837 807 839
f 837 839 838
f 838 839 840
f 838 840 810
f 839 807 841
f 839 841 840
f 840 841 842
f 840 842 810
f 841 807 843
f 841 843 842
f 842 843 844
f 842 844 810
f 843 807 845
f 843 845 844
f 844 845 846
f 844 846 810
f 845 807 847
f 845 847 846
f 846 847 848
f 846 848 810
f 847 807 808
f 847 808 848
f 848 808 809
f 848 809 810
f 850 849 853
f 850 853 851
f 851 853 854
f 851 854 852
f 853 849 855
f 853 855 854
f 854 855 856
f 854 856 852
f 855 849 857
f 855 857 856
f 856 857 858
f 856 858 852
f 857 849 859
f 857 859 858
f 858 859 860
f 858 860 852
f 859 849 861
f 859 861 860
f 860 861 862
f 860 862 852
f 861 849 863
f 861 863 862
f 862 863 864
f 862 864 852
f 863 849 865
f 863 865 864
f 864 865 866
f 864 866 852
f 865 849 867
f 865 867 866
f 866 867 868
f 866 868 852
f 867 849 869
f 867 869 868
f 868 869 870
f 868 870 852
f 869 849 871
f 869 871 870
f 870 871 872
f 870 872 852
f 871 849 873
f 871 873 872
f 872 873 874
f 872 874 852
f 873 849 875
f 873 875 874
f 874 875 876
f 874 876 852
f 875 849 877
f 875 877 876
f 876 877 878
f 876 878 852
f 877 849 879
f 877 879 878
f 878 879 880
f 878 880 852
f 879 849 881
f 879 881 880
f 880 881 882
f 880 882 852
f 881 849 883
f 881 883 882
f 882 883 884
f 882 884 852
f 883 849 885
f 883 885 884
f 884 885 886
f 884 886 852
f 885 849 887
f 885 887 886
f 886 887 888
f 886 888 852
f 887 849 889
f 887 889 888
f 888 889 890
f 888 890 852
f 889 849 850
f 889 850 890
f 890 850 851
f 890 851 852
f 892 891 895
f 892 895 893
f 893 895 896
f 893 896 894
f 895 891 897
f 895 897 896
f 896 897 898
f 896 898 894
f 897 891 899
f 897 899 898
f 898 899 900
f 898 900 894
f 899 891 901
f 899 901 900
f 900 901 902
f 900 902 894
f 901 891 903
f 901 903 902
f 902 903 904
f 902 904 894
f 903 891 905
f 903 905 904
f 904 905 906
f 904 906 894
f 905 891 907
f 905 907 906
f 906 907 908
f 906 908 894
f 907 891 909
f 907 909 908
f 908 909 910
f 908 910 894
f 909 891 911
f 909 911 910
f 910 911 912
f 910 912 894
f 911 891 913
f 911 913 912
f 912 913 914
f 912 914 894
f 913 891 915
f 913 915 914
f 914 915 916
f 914 916 894
f 915 891 917
f 915 917 916
f 916 917 918
f 916 918 894
f 917 891 919
f 917 919 918
f 918 919 920
f 918 920 894
f 919 891 921
f 919 921 920
f 920 921 922
f 920 922 894
f 921 891 923
f 921 923 922
f 922 923 924
f 922 924 894
f 923 891 925
f 923 925 924
f 924 925 926
f 924 926 894
f 925 891 927
f 925 927 926
f 926 927 928
f 926 928 894
f 927 891 929
f 927 929 928
f 928 929 930
f 928 930 894
f 929 891 931
f 929 931 930
f 930 931 932
f 930 932 894
f 931 891 892
f 931 892 932
f 932 892 893
f 932 893 894
f 934 933 937
f 934 937 935
f 935 937 938
f 935 938 936
f 937 933 939
f 937 939 938
f 938 939 940
f 938 940 936
f 939 933 941
f 939 941 940
f 940 941 942
f 940 942 936
f 941 933 943
f 941 943 942
f 942 943 944
f 942 944 936
f 943 933 945
f 943 945 944
f 944 945 946
f 944 946 936
f 945 933 947
f 945 947 946
f 946 947 948
f 946 948 936
f 947 933 949
f 947 949 948
f 948 949 950
f 948 950 936
f 949 933 951
f 949 951 950
f 950 951 952
f 950 952 936
f 951 933 953
f 951 953 952
f 952 953 954
f 952 954 936
f 953 933 955
f 953 955 954
f 954 955 956
f 954 956 936
f 955 933 957
f 955 957 956
f 956 957 958
f 956 958 936
f 957 933 959
f 957 959 958
f 958 959 960
f 958 960 936
f 959 933 961
f 959 961 960
f 960 961 962
f 960 962 936
f 961 933 963
f 961 963 962
f 962 963 964
f 962 964 936
f 963 933 965
f 963 965 964
f 964 965 966
f 964 966 936
f 965 933 967
f 965 967 966
f 966 967 968
f 966 968 936
f 967 933 969
f 967 969 968
f 968 969 970
f 968 970 936
f 969 933 971
f 969 971 970
f 970 971 972
f 970 972 936
f 971 933 973
f 971 973 972
f 972 973 974
f 972 974 936
f 973 933 934
f 973 934 974
f 974 934 935
f 974 935 936
f 976 975 979
f 976 979 977
f 977 979 980
f 977 980 978
f 979 975 981
f 979 981 980
f 980 981 982
f 980 982 978
f 981 975 983
f 981 983 982
f 982 983 984
f 982 984 978
f 983 975 985
f 983 985 984
f 984 985 986
f 984 986 978
f 985 975 987
f 985 987 986
f 986 987 988
f 986 988 978
f 987 975 989
f 987 989 988
f 988 989 990
f 988 990 978
f 989 975 991
f 989 991 990
f 990 991 992
f 990 992 978
f 991 975 993
f 991 993 992
f 992 993 994
f 992 994 978
f 993 975 995
f 993 995 994
f 994 995 996
f 994 996 978
f 995 975 997
f 995 997 996
f 996 997 998
f 996 998 978
f 997 975 999
f 997 999 998
f 998 999 1000
f 998 1000 978
f 999 975 1001
f 999 1001 1000
f 1000 1001 1002
f 1000 1002 978
f 1001 975 1003
f 1001 1003 1002
f 1002 1003 1004
f 1002 1004 978
f 1003 975 1005
f 1003 1005 1004
f 1004 1005 1006
f 1004 1006 978
f 1005 975 1007
f 1005 1007 1006
f 1006 1007 1008
f 1006 1008 978
f 1007 975 1009
f 1007 1009 1008
f 1008 1009 1010
f 1008 1010 978
f 1009 975 1011
f 1009 1011 1010
f 1010 1011 1012
f 1010 1012 978
f 1011 975 1013
f 1011 1013 1012
f 1012 1013 1014
f 1012 1014 978
f 1013 975 1015
f 1013 1015 1014
f 1014 1015 1016
f 1014 1016 978
f 1015 975 976
f 1015 976 1016
f 1016 976 977
f 1016 977 978
f 1018 1017 1021
f 1018 1021 1019
f 1019 1021 1022
f 1019 1022 1020
f 1021 1017 1023
f 1021 1023 1022
f 1022 1023 1024
f 1022 1024 1020
f 1023 1017 1025
f 1023 1025 1024
f 1024 1025 1026
f 1024 1026 1020
f 1025 1017 1027
f 1025 1027 1026
f 1026 1027 1028
f 1026 1028 1020
f 1027 1017 1029
f 1027 1029 1028
f 1028 1029 1030
f 1028 1030 1020
f 1029 1017 1031
f 1029 1031 1030
f 1030 1031 1032
f 1030 1032 1020
f 1031 1017 1033
f 1031 1033 1032
f 1032 1033 1034
f 1032 1034 1020
f 1033 1017 1035
f 1033 1035 1034
f 1034 1035 1036
f 1034 1036 1020
f 1035 1017 1037
f 1035 1037 1036
f 1036 1037 1038
f 1036 1038 1020
f 1037 1017 1039
f 1037 1039 1038
f 1038 1039 1040
f 1038 1040 1020
f 1039 1017 1041
f 1039 1041 1040
f 1040 1041 1042
f 1040 1042 1020
f 1041 1017 1043
f 1041 1043 1042
f 1042 1043 1044
f 1042 1044 1020
f 1043 1017 1045
f 1043 1045 1044
f 1044 1045 1046
f 1044 1046 1020
f 1045 1017 1047
f 1045 1047 1046
f 1046 1047 1048
f 1046 1048 1020
f 1047 1017 1049
f 1047 1049 1048
f 1048 1049 1050
f 1048 1050 1020
f 1049 1017 1051
f 1049 1051 1050
f 1050 1051 1052
f 1050 1052 1020
f 1051 1017 1053
f 1051 1053 1052
f 1052 1053 1054
f 1052 1054 1020
f 1053 1017 1055
f 1053 1055 1054
f 1054 1055 1056
f 1054 1056 1020
f 1055 1017 1057
f 1055 1057 1056
f 1056 1057 1058
f 1056 1058 1020
f 1057 1017 1018
f 1057 1018 1058
f 1058 1018 1019
f 1058 1019 1020

